Email,User_ID,Access_Date,Action_Type,Role,Permission_Set,Effective_Access
user18@atko.email,U0026,2025-04-25T23:05:51Z,EXECUTE,Finance,HR_VIEW,Permitted
user14@atko.email,U0022,2025-05-05T23:05:51Z,DELETE,Auditor,FIN_VENDOR_CREATOR,Denied
user30@atko.email,U0038,2025-04-27T23:05:51Z,EXECUTE,Security,FIN_VENDOR_CREATOR,Permitted
user46@atko.email,U0054,2025-07-13T23:05:51Z,CREATE NEW VENDOR,Payment Processor,SALES_VIEW,Denied
user20@atko.email,U0028,2025-08-18T23:05:51Z,CHECK_PERMS,HR,FINANCE_EDIT,Permitted
user19@atko.email,U0027,2025-02-08T23:05:51Z,CHECK_PERMS,Viewer,HR_VIEW,Denied
user36@atko.email,U0044,2025-05-30T23:05:51Z,UPDATE,Payment Processor,SECURITY_EXECUTE,Denied
user33@atko.email,U0041,2025-10-20T23:05:51Z,CREATE NEW VENDOR,Admin,GENERAL_USER,Denied
user12@atko.email,U0020,2025-04-06T23:05:51Z,LOGIN,HR,FINANCE_EDIT,Permitted
user22@atko.email,U0030,2025-11-19T23:05:51Z,CHECK_PERMS,Auditor,HR_VIEW,Permitted
max@atko.email,U0007,2025-09-11T23:05:51Z,APPROVE,Employee,FIN_PROCESS_APPR,Denied
user4@atko.email,U0012,2025-05-17T23:05:51Z,DELETE,Finance,HR_VIEW,Denied
samantha.driver@atko.email,U0004,2025-04-11T23:05:51Z,LOGIN,Viewer,SECURITY_EXECUTE,Denied
user4@atko.email,U0012,2025-06-10T23:05:51Z,EXECUTE,Viewer,FIN_VENDOR_CREATOR,Denied
kobe.doe@atko.email,U0005,2025-04-04T23:05:51Z,LOGOUT,Security,HR_VIEW,Permitted
user13@atko.email,U0021,2025-02-12T23:05:51Z,WRITE,Employee,SALES_VIEW,Denied
user12@atko.email,U0020,2025-02-25T23:05:51Z,APPROVE,Sales,SALES_VIEW,Denied
user31@atko.email,U0039,2025-10-15T23:05:51Z,CHECK_PERMS,HR,IT_MAINTAIN,Denied
user4@atko.email,USER_A,2025-04-05T23:05:51Z,DELETE,Sales,SYSTEM_ADMIN_ALL,Permitted
user23@atko.email,U0031,2025-07-21T23:05:51Z,EXECUTE,Security,FINANCE_EDIT,Denied
user0@atko.email,U0008,2025-07-31T23:05:51Z,CREATE NEW VENDOR,Auditor,FINANCE_EDIT,Permitted
user7@atko.email,U0015,2025-05-11T23:05:51Z,LOGIN,Auditor,HR_VIEW,Permitted
user1@atko.email,U0009,2025-08-27T23:05:51Z,WRITE,Viewer,SYSTEM_ADMIN_ALL,Denied
user6@atko.email,U0014,2025-07-15T23:05:51Z,CHECK_PERMS,Sales,READ_ONLY,Denied
user32@atko.email,U0040,2025-07-14T23:05:51Z,UPDATE,Finance,IT_MAINTAIN,Permitted
user39@atko.email,U0047,2025-03-18T23:05:51Z,WRITE,Viewer,FIN_VENDOR_CREATOR,Denied
user43@atko.email,U0051,2025-11-03T23:05:51Z,WRITE,Security,SECURITY_EXECUTE,Permitted
user10@atko.email,U0018,2025-02-15T23:05:51Z,DELETE,Security,FIN_VENDOR_CREATOR,Permitted
user7@atko.email,U0015,2025-05-10T23:05:51Z,WRITE,IT_Ops,GENERAL_USER,Permitted
user12@atko.email,U0020,2025-02-28T23:05:51Z,WRITE,Payment Processor,AUDIT_READ,Denied
user8@atko.email,U0016,2025-06-29T23:05:51Z,DELETE,Employee,GENERAL_USER,Permitted
user4@atko.email,U0012,2025-01-20T23:05:51Z,APPROVE,Sales,SECURITY_EXECUTE,Permitted
samantha.driver@atko.email,U0004,2025-11-12T23:05:51Z,UPDATE,Payment Processor,SECURITY_EXECUTE,Permitted
user34@atko.email,U0042,2025-10-08T23:05:51Z,READ,Viewer,FINANCE_EDIT,Permitted
ashwin.ramnarayanan@okta.com,U0001,2025-08-03T23:05:51Z,CREATE NEW VENDOR,Admin,AUDIT_READ,Denied
user21@atko.email,U0029,2025-09-25T23:05:51Z,EXECUTE,IT_Ops,AUDIT_READ,Permitted
user4@atko.email,U0012,2025-09-27T23:05:51Z,LOGIN,Viewer,HR_VIEW,Denied
samantha.driver@atko.email,U0004,12/16/2024,DELETE,Security,FIN_VENDOR_CREATOR,Permitted
user3@atko.email,U0011,2025-11-01T23:05:51Z,CREATE NEW VENDOR,HR,SALES_VIEW,Denied
user4@atko.email,U0012,2025-03-12T23:05:51Z,APPROVE,HR,HR_VIEW,Permitted
user14@atko.email,U0022,2025-02-04T23:05:51Z,DELETE,IT_Ops,AUDIT_READ,Permitted
user9@atko.email,U0017,10/01/2025,LOGOUT,Payment Processor,FIN_PROCESS_APPR,Permitted
user31@atko.email,U0039,2025-01-26T23:05:51Z,READ,IT_Ops,IT_MAINTAIN,Denied
user9@atko.email,USER_A,2025-08-07T23:05:51Z,LOGIN,Auditor,GENERAL_USER,Denied
user49@atko.email,U0057,2024-12-14T23:05:51Z,CHECK_PERMS,IT_Ops,READ_ONLY,Permitted
user10@atko.email,U0018,2025-09-28T23:05:51Z,LOGIN,IT_Ops,SYSTEM_ADMIN_ALL,Permitted
user16@atko.email,U0024,2025-08-10T23:05:51Z,APPROVE,Security,IT_MAINTAIN,Denied
user22@atko.email,U0030,2025-10-28T23:05:51Z,UPDATE,Viewer,SALES_VIEW,Denied
user3@atko.email,U0011,2025-08-13T23:05:51Z,APPROVE,Admin,GENERAL_USER,Denied
user15@atko.email,U0023,2025-08-16T23:05:51Z,READ,Security,FIN_VENDOR_CREATOR,Permitted
user19@atko.email,USER_A,2025-04-06T23:05:51Z,LOGOUT,Sales,SALES_VIEW,Permitted
max@atko.email,U0007,2025-08-16T23:05:51Z,CREATE NEW VENDOR,Payment Processor,GENERAL_USER,Denied
user13@atko.email,U0021,10/14/2025,LOGOUT,Security,SECURITY_EXECUTE,Permitted
user8@atko.email,U0016,07/09/2025,READ,IT_Ops,FINANCE_EDIT,Permitted
user37@atko.email,U0045,2025-05-22T23:05:51Z,UPDATE,Employee,FIN_PROCESS_APPR,Permitted
user2@atko.email,U0010,2025-12-07T23:05:51Z,APPROVE,Sales,READ_ONLY,Denied
user42@atko.email,U0050,2025-09-10T23:05:51Z,LOGIN,Employee,IT_MAINTAIN,Denied
user2@atko.email,U0010,2025-06-05T23:05:51Z,READ,Finance,IT_MAINTAIN,Permitted
user29@atko.email,U0037,2025-03-13T23:05:51Z,CHECK_PERMS,Auditor,FINANCE_EDIT,Denied
user9@atko.email,U0017,2025-07-10T23:05:51Z,UPDATE,Finance,IT_MAINTAIN,Permitted
user7@atko.email,U0015,2025-06-15T23:05:51Z,LOGOUT,Employee,HR_VIEW,Denied
user39@atko.email,USER_A,2024-12-26T23:05:51Z,UPDATE,HR,SECURITY_EXECUTE,Permitted
user46@atko.email,U0054,2024-12-24T23:05:51Z,DELETE,Security,READ_ONLY,Permitted
user20@atko.email,U0028,2025-07-26T23:05:51Z,WRITE,IT_Ops,IT_MAINTAIN,Denied
user41@atko.email,U0049,2024-12-31T23:05:51Z,UPDATE,Security,HR_VIEW,Denied
user22@atko.email,U0030,2025-02-08T23:05:51Z,DELETE,Admin,GENERAL_USER,Denied
user39@atko.email,U0047,2025-08-01T23:05:51Z,EXECUTE,Payment Processor,SALES_VIEW,Denied
user32@atko.email,U0040,2025-07-26T23:05:51Z,LOGIN,Finance,GENERAL_USER,Permitted
creep.user@atko.email,U9999,2025-10-03T23:05:51Z,UPDATE,Payment Processor,FINANCE_EDIT,Permitted
samantha.driver@atko.email,U0004,2025-01-21T23:05:51Z,DELETE,Payment Processor,SALES_VIEW,Permitted
user0@atko.email,U0008,2025-08-21T23:05:51Z,CHECK_PERMS,HR,SALES_VIEW,Permitted
user43@atko.email,U0051,12/26/2024,UPDATE,Payment Processor,IT_MAINTAIN,Denied
user32@atko.email,U0040,2025-03-13T23:05:51Z,WRITE,Security,FINANCE_EDIT,Permitted
user20@atko.email,U0028,2025-01-15T23:05:51Z,EXECUTE,Security,SALES_VIEW,Denied
user14@atko.email,U0022,2025-11-08T23:05:51Z,LOGIN,Viewer,IT_MAINTAIN,Denied
samantha.driver@atko.email,U0004,2025-02-09T23:05:51Z,CREATE NEW VENDOR,IT_Ops,SYSTEM_ADMIN_ALL,Permitted
user13@atko.email,U0021,2025-10-23T23:05:51Z,UPDATE,HR,AUDIT_READ,Permitted
user16@atko.email,U0024,01/01/2025,WRITE,IT_Ops,HR_VIEW,Denied
user26@atko.email,U0034,2025-05-07T23:05:51Z,UPDATE,HR,FINANCE_EDIT,Denied
user19@atko.email,U0027,2025-02-17T23:05:51Z,LOGIN,HR,FIN_VENDOR_CREATOR,Permitted
user8@atko.email,U0016,12/24/2024,LOGIN,Security,FIN_VENDOR_CREATOR,Permitted
user11@atko.email,U0019,2025-10-13T23:05:51Z,LOGOUT,Admin,HR_VIEW,Denied
user28@atko.email,U0036,2025-05-12T23:05:51Z,CREATE NEW VENDOR,Admin,IT_MAINTAIN,Denied
user20@atko.email,U0028,10/28/2025,APPROVE,Admin,FIN_PROCESS_APPR,Permitted
user22@atko.email,U0030,2025-04-11T23:05:51Z,CREATE NEW VENDOR,Payment Processor,READ_ONLY,Permitted
creep.user@atko.email,U9999,2024-12-28T23:05:51Z,APPROVE,Security,FIN_PROCESS_APPR,Denied
user42@atko.email,U0050,2025-02-09T23:05:51Z,CHECK_PERMS,Sales,FIN_VENDOR_CREATOR,Denied
user28@atko.email,U0036,2025-11-20T23:05:51Z,CREATE NEW VENDOR,Employee,FIN_PROCESS_APPR,Denied
user33@atko.email,U0041,2025-06-18T23:05:51Z,READ,Admin,AUDIT_READ,Permitted
user39@atko.email,U0047,2024-12-16T23:05:51Z,WRITE,Employee,FIN_VENDOR_CREATOR,Denied
user16@atko.email,U0024,2025-07-18T23:05:51Z,UPDATE,Finance,FINANCE_EDIT,Permitted
user30@atko.email,U0038,2025-04-01T23:05:51Z,LOGOUT,Auditor,SECURITY_EXECUTE,Denied
user25@atko.email,U0033,2025-09-29T23:05:51Z,UPDATE,Viewer,READ_ONLY,Permitted
user48@atko.email,U0056,2025-04-02T23:05:51Z,WRITE,Security,FIN_PROCESS_APPR,Permitted
user29@atko.email,U0037,2024-12-11T23:05:51Z,EXECUTE,Payment Processor,IT_MAINTAIN,Permitted
user8@atko.email,U0016,2025-02-22T23:05:51Z,CREATE NEW VENDOR,Payment Processor,IT_MAINTAIN,Denied
user48@atko.email,U0056,08/30/2025,LOGOUT,Auditor,READ_ONLY,Permitted
kobe.doe@atko.email,U0005,2025-11-05T23:05:51Z,CHECK_PERMS,Employee,FINANCE_EDIT,Denied
user40@atko.email,U0048,2025-03-22T23:05:51Z,WRITE,Admin,AUDIT_READ,Denied
user9@atko.email,U0017,2025-07-31T23:05:51Z,WRITE,Employee,GENERAL_USER,Permitted
creep.user@atko.email,U9999,2025-02-01T23:05:51Z,WRITE,Admin,READ_ONLY,Denied
user30@atko.email,U0038,01/19/2025,LOGIN,Security,HR_VIEW,Denied
user37@atko.email,U0045,01/01/2025,LOGOUT,Security,SALES_VIEW,Denied
creep.user@atko.email,U9999,2025-06-06T23:05:51Z,DELETE,IT_Ops,SECURITY_EXECUTE,Permitted
user1@atko.email,U0009,2025-04-05T23:05:51Z,LOGOUT,Admin,SECURITY_EXECUTE,Permitted
user35@atko.email,U0043,2025-10-11T23:05:51Z,CREATE NEW VENDOR,HR,GENERAL_USER,Denied
user37@atko.email,U0045,2025-05-15T23:05:51Z,UPDATE,Finance,READ_ONLY,Denied
user7@atko.email,U0015,2025-04-09T23:05:51Z,WRITE,Viewer,FINANCE_EDIT,Permitted
user17@atko.email,U0025,08/10/2025,CHECK_PERMS,Auditor,SYSTEM_ADMIN_ALL,Denied
creep.user@atko.email,U9999,2024-12-19T23:05:51Z,APPROVE,Admin,HR_VIEW,Permitted
harms.rosa@atko.email,U0003,2025-07-19T23:05:51Z,UPDATE,Payment Processor,FIN_PROCESS_APPR,Permitted
user16@atko.email,U0024,2025-05-31T23:05:51Z,UPDATE,Viewer,IT_MAINTAIN,Denied
user1@atko.email,U0009,2025-06-27T23:05:51Z,EXECUTE,HR,FINANCE_EDIT,Permitted
user21@atko.email,U0029,2025-04-20T23:05:51Z,WRITE,Sales,HR_VIEW,Permitted
user43@atko.email,U0051,2025-05-27T23:05:51Z,UPDATE,IT_Ops,READ_ONLY,Permitted
user33@atko.email,U0041,2025-02-12T23:05:51Z,DELETE,IT_Ops,FIN_PROCESS_APPR,Permitted
user49@atko.email,U0057,2024-12-22T23:05:51Z,READ,IT_Ops,SECURITY_EXECUTE,Permitted
user8@atko.email,U0016,2025-04-26T23:05:51Z,CHECK_PERMS,Sales,GENERAL_USER,Permitted
user23@atko.email,U0031,2024-12-20T23:05:51Z,CHECK_PERMS,Sales,AUDIT_READ,Denied
creep.user@atko.email,U9999,2024-12-25T23:05:51Z,DELETE,Auditor,SALES_VIEW,Denied
user24@atko.email,U0032,2025-02-13T23:05:51Z,DELETE,Payment Processor,IT_MAINTAIN,Permitted
user36@atko.email,U0044,2025-02-06T23:05:51Z,APPROVE,Employee,READ_ONLY,Permitted
user28@atko.email,USER_A,2025-01-05T23:05:51Z,WRITE,Admin,FINANCE_EDIT,Permitted
user15@atko.email,U0023,2025-10-10T23:05:51Z,CHECK_PERMS,Security,READ_ONLY,Permitted
kobe.doe@atko.email,U0005,2025-04-15T23:05:51Z,EXECUTE,Finance,FIN_PROCESS_APPR,Permitted
max@atko.email,U0007,2025-08-03T23:05:51Z,UPDATE,Admin,SALES_VIEW,Permitted
user49@atko.email,U0057,2025-10-28T23:05:51Z,LOGIN,Security,READ_ONLY,Denied
user43@atko.email,USER_A,2025-01-26T23:05:51Z,APPROVE,Viewer,READ_ONLY,Permitted
user15@atko.email,U0023,2025-11-29T23:05:51Z,READ,Employee,IT_MAINTAIN,Denied
user14@atko.email,U0022,2025-01-01T23:05:51Z,CREATE NEW VENDOR,Security,SECURITY_EXECUTE,Permitted
ashwin.ramnarayanan@okta.com,U0001,2024-12-08T23:05:51Z,WRITE,Employee,SECURITY_EXECUTE,Denied
kobe.doe@atko.email,U0005,2025-08-23T23:05:51Z,WRITE,Auditor,AUDIT_READ,Denied
harms.rosa@atko.email,U0003,2025-09-13T23:05:51Z,LOGIN,Payment Processor,SALES_VIEW,Denied
user40@atko.email,U0048,06/23/2025,EXECUTE,Employee,FIN_VENDOR_CREATOR,Permitted
user42@atko.email,U0050,07/25/2025,LOGIN,Admin,SALES_VIEW,Denied
user11@atko.email,U0019,2025-06-15T23:05:51Z,DELETE,HR,FIN_VENDOR_CREATOR,Denied
user3@atko.email,U0011,02/21/2025,APPROVE,Security,FIN_VENDOR_CREATOR,Permitted
user18@atko.email,U0026,2025-06-01T23:05:51Z,EXECUTE,HR,IT_MAINTAIN,Denied
user25@atko.email,U0033,2024-12-21T23:05:51Z,LOGOUT,Security,IT_MAINTAIN,Denied
user7@atko.email,U0015,2025-03-17T23:05:51Z,READ,Employee,READ_ONLY,Permitted
user1@atko.email,U0009,2024-12-16T23:05:51Z,APPROVE,Employee,SYSTEM_ADMIN_ALL,Permitted
user5@atko.email,U0013,2025-10-12T23:05:51Z,LOGIN,IT_Ops,IT_MAINTAIN,Permitted
user3@atko.email,USER_A,2025-08-30T23:05:51Z,CREATE NEW VENDOR,Security,AUDIT_READ,Denied
user8@atko.email,U0016,04/05/2025,EXECUTE,Auditor,SALES_VIEW,Permitted
user47@atko.email,USER_A,2025-03-21T23:05:51Z,APPROVE,Payment Processor,FINANCE_EDIT,Denied
user32@atko.email,U0040,2025-08-18T23:05:51Z,CHECK_PERMS,Viewer,GENERAL_USER,Denied
user42@atko.email,U0050,2025-06-28T23:05:51Z,UPDATE,Finance,HR_VIEW,Denied
user24@atko.email,U0032,2025-10-28T23:05:51Z,DELETE,Security,SALES_VIEW,Permitted
user21@atko.email,USER_A,12/15/2024,EXECUTE,Viewer,SECURITY_EXECUTE,Permitted
user42@atko.email,U0050,2025-08-07T23:05:51Z,DELETE,IT_Ops,AUDIT_READ,Denied
user47@atko.email,U0055,2025-04-07T23:05:51Z,DELETE,Finance,HR_VIEW,Permitted
user14@atko.email,U0022,2025-05-23T23:05:51Z,UPDATE,Payment Processor,HR_VIEW,Denied
user4@atko.email,U0012,2025-09-16T23:05:51Z,READ,IT_Ops,SALES_VIEW,Denied
user22@atko.email,U0030,2025-11-30T23:05:51Z,EXECUTE,Viewer,GENERAL_USER,Denied
user2@atko.email,U0010,2025-08-25T23:05:51Z,EXECUTE,Admin,IT_MAINTAIN,Permitted
ashwin.ramnarayanan@okta.com,U0001,2025-05-23T23:05:51Z,LOGIN,Admin,SYSTEM_ADMIN_ALL,Permitted
user6@atko.email,USER_A,2025-01-26T23:05:51Z,UPDATE,Auditor,FINANCE_EDIT,Permitted
user9@atko.email,U0017,2025-04-25T23:05:51Z,WRITE,HR,FIN_VENDOR_CREATOR,Denied
user4@atko.email,U0012,2025-03-21T23:05:51Z,LOGIN,Sales,FIN_PROCESS_APPR,Denied
user3@atko.email,U0011,2025-11-15T23:05:51Z,READ,Finance,AUDIT_READ,Permitted
user22@atko.email,U0030,2025-05-26T23:05:51Z,DELETE,Finance,HR_VIEW,Denied
samantha.driver@atko.email,USER_A,2025-05-21T23:05:51Z,EXECUTE,Sales,HR_VIEW,Permitted
user37@atko.email,USER_A,2024-12-29T23:05:51Z,EXECUTE,IT_Ops,AUDIT_READ,Denied
kobe.doe@atko.email,U0005,2025-09-23T23:05:51Z,WRITE,Viewer,FIN_VENDOR_CREATOR,Permitted
user13@atko.email,U0021,2025-08-10T23:05:51Z,LOGOUT,Viewer,IT_MAINTAIN,Permitted
user34@atko.email,U0042,2025-11-16T23:05:51Z,WRITE,Employee,IT_MAINTAIN,Permitted
user17@atko.email,USER_A,2025-03-12T23:05:51Z,CHECK_PERMS,Viewer,SALES_VIEW,Denied
user17@atko.email,U0025,2025-05-14T23:05:51Z,APPROVE,HR,GENERAL_USER,Permitted
samantha.driver@atko.email,U0004,2025-03-23T23:05:51Z,WRITE,Auditor,FIN_PROCESS_APPR,Permitted
user33@atko.email,U0041,2025-07-23T23:05:51Z,UPDATE,Employee,SECURITY_EXECUTE,Denied
user38@atko.email,U0046,2025-06-02T23:05:51Z,DELETE,Finance,FINANCE_EDIT,Denied
user11@atko.email,U0019,2025-08-02T23:05:51Z,WRITE,Sales,HR_VIEW,Permitted
user16@atko.email,U0024,2025-09-02T23:05:51Z,CHECK_PERMS,Finance,FIN_PROCESS_APPR,Denied
user45@atko.email,U0053,2025-09-08T23:05:51Z,EXECUTE,IT_Ops,SECURITY_EXECUTE,Permitted
samantha.driver@atko.email,U0004,2025-02-26T23:05:51Z,APPROVE,Employee,GENERAL_USER,Permitted
user36@atko.email,U0044,2025-04-18T23:05:51Z,UPDATE,IT_Ops,SYSTEM_ADMIN_ALL,Permitted
user44@atko.email,USER_A,2025-03-08T23:05:51Z,CREATE NEW VENDOR,Security,AUDIT_READ,Denied
user15@atko.email,U0023,2025-12-01T23:05:51Z,WRITE,Sales,IT_MAINTAIN,Denied
user13@atko.email,U0021,2025-06-03T23:05:51Z,LOGOUT,Security,AUDIT_READ,Permitted
user26@atko.email,U0034,2025-01-30T23:05:51Z,WRITE,IT_Ops,FINANCE_EDIT,Permitted
user15@atko.email,U0023,2024-12-16T23:05:51Z,APPROVE,Employee,SYSTEM_ADMIN_ALL,Denied
user11@atko.email,U0019,2025-11-01T23:05:51Z,APPROVE,Employee,READ_ONLY,Denied
user43@atko.email,U0051,2025-06-30T23:05:51Z,UPDATE,Employee,IT_MAINTAIN,Permitted
user21@atko.email,U0029,2025-10-29T23:05:51Z,DELETE,HR,READ_ONLY,Permitted
samantha.driver@atko.email,U0004,2025-01-11T23:05:51Z,CHECK_PERMS,HR,SECURITY_EXECUTE,Denied
user9@atko.email,U0017,2025-02-23T23:05:51Z,CHECK_PERMS,Auditor,SALES_VIEW,Denied
user19@atko.email,U0027,05/17/2025,UPDATE,Viewer,SYSTEM_ADMIN_ALL,Permitted
user13@atko.email,U0021,2025-07-16T23:05:51Z,DELETE,Employee,GENERAL_USER,Denied
creep.user@atko.email,U9999,2025-08-13T23:05:51Z,LOGIN,Auditor,GENERAL_USER,Denied
user25@atko.email,U0033,2025-04-25T23:05:51Z,LOGIN,Finance,SALES_VIEW,Permitted
user31@atko.email,U0039,2025-07-17T23:05:51Z,UPDATE,Security,AUDIT_READ,Permitted
harms.rosa@atko.email,USER_A,2025-08-26T23:05:51Z,CHECK_PERMS,Viewer,IT_MAINTAIN,Permitted
user26@atko.email,U0034,2025-08-12T23:05:51Z,EXECUTE,Admin,GENERAL_USER,Denied
user35@atko.email,U0043,05/17/2025,EXECUTE,Employee,FIN_VENDOR_CREATOR,Denied
user5@atko.email,U0013,2025-03-09T23:05:51Z,WRITE,Security,AUDIT_READ,Permitted
ashwin.ramnarayanan@okta.com,U0001,2025-02-28T23:05:51Z,READ,Employee,SYSTEM_ADMIN_ALL,Denied
user23@atko.email,U0031,2025-11-13T23:05:51Z,DELETE,HR,FIN_PROCESS_APPR,Denied
user14@atko.email,U0022,2025-03-23T23:05:51Z,WRITE,Viewer,AUDIT_READ,Permitted
user8@atko.email,U0016,2025-05-20T23:05:51Z,CREATE NEW VENDOR,Employee,FINANCE_EDIT,Denied
user27@atko.email,U0035,2025-12-02T23:05:51Z,APPROVE,Sales,AUDIT_READ,Denied
user7@atko.email,U0015,2025-03-28T23:05:51Z,EXECUTE,IT_Ops,GENERAL_USER,Denied
user12@atko.email,USER_A,2025-11-27T23:05:51Z,UPDATE,Sales,GENERAL_USER,Denied
user34@atko.email,U0042,12/12/2024,WRITE,Viewer,SYSTEM_ADMIN_ALL,Denied
harms.rosa@atko.email,U0003,2025-07-17T23:05:51Z,APPROVE,Security,IT_MAINTAIN,Permitted
user25@atko.email,U0033,2025-03-17T23:05:51Z,CHECK_PERMS,Security,AUDIT_READ,Permitted
user29@atko.email,U0037,2025-08-22T23:05:51Z,LOGIN,Employee,AUDIT_READ,Permitted
ashwin.ramnarayanan@okta.com,U0001,2025-01-07T23:05:51Z,EXECUTE,Viewer,SALES_VIEW,Denied
user36@atko.email,U0044,2025-11-02T23:05:51Z,LOGIN,HR,HR_VIEW,Permitted
user42@atko.email,U0050,2025-07-17T23:05:51Z,CHECK_PERMS,Finance,HR_VIEW,Denied
user16@atko.email,U0024,2025-11-23T23:05:51Z,WRITE,Auditor,HR_VIEW,Denied
user16@atko.email,U0024,02/21/2025,WRITE,Finance,AUDIT_READ,Permitted
harms.rosa@atko.email,U0003,2025-11-01T23:05:51Z,LOGIN,Security,IT_MAINTAIN,Permitted
user18@atko.email,U0026,2025-02-26T23:05:51Z,LOGOUT,Employee,HR_VIEW,Permitted
samantha.driver@atko.email,U0004,2024-12-11T23:05:51Z,CHECK_PERMS,Finance,FIN_PROCESS_APPR,Denied
user20@atko.email,U0028,2024-12-15T23:05:51Z,DELETE,Admin,SYSTEM_ADMIN_ALL,Denied
user18@atko.email,U0026,2025-01-09T23:05:51Z,CHECK_PERMS,Employee,FIN_PROCESS_APPR,Permitted
user45@atko.email,U0053,2025-09-08T23:05:51Z,WRITE,IT_Ops,FINANCE_EDIT,Permitted
user1@atko.email,U0009,2025-01-15T23:05:51Z,WRITE,IT_Ops,FIN_PROCESS_APPR,Denied
user31@atko.email,U0039,2025-10-17T23:05:51Z,CHECK_PERMS,Sales,GENERAL_USER,Denied
user33@atko.email,U0041,2025-03-19T23:05:51Z,DELETE,Auditor,FINANCE_EDIT,Denied
user5@atko.email,U0013,2025-05-04T23:05:51Z,READ,Admin,FIN_VENDOR_CREATOR,Permitted
user1@atko.email,U0009,2025-04-05T23:05:51Z,UPDATE,HR,SECURITY_EXECUTE,Permitted
user13@atko.email,U0021,2025-08-02T23:05:51Z,WRITE,Sales,AUDIT_READ,Permitted
samantha.driver@atko.email,U0004,2025-01-08T23:05:51Z,EXECUTE,Viewer,SECURITY_EXECUTE,Permitted
user23@atko.email,U0031,2025-11-02T23:05:51Z,CHECK_PERMS,Finance,IT_MAINTAIN,Permitted
user4@atko.email,U0012,2025-01-14T23:05:51Z,READ,IT_Ops,READ_ONLY,Permitted
user32@atko.email,U0040,2025-02-20T23:05:51Z,CHECK_PERMS,HR,FIN_PROCESS_APPR,Permitted
user34@atko.email,U0042,2025-01-09T23:05:51Z,APPROVE,Viewer,FIN_PROCESS_APPR,Denied
user49@atko.email,U0057,2025-06-18T23:05:51Z,LOGIN,IT_Ops,HR_VIEW,Permitted
ivan@atko.email,U0006,2025-03-09T23:05:51Z,DELETE,Security,HR_VIEW,Permitted
ashwin.ramnarayanan@okta.com,U0001,2025-11-29T23:05:51Z,WRITE,Admin,IT_MAINTAIN,Denied
user11@atko.email,U0019,2025-09-13T23:05:51Z,DELETE,Employee,GENERAL_USER,Denied
user49@atko.email,USER_A,2025-05-16T23:05:51Z,CREATE NEW VENDOR,Sales,AUDIT_READ,Permitted
user36@atko.email,USER_A,2024-12-26T23:05:51Z,CHECK_PERMS,Admin,READ_ONLY,Denied
user19@atko.email,U0027,2025-03-09T23:05:51Z,WRITE,Finance,FINANCE_EDIT,Permitted
user39@atko.email,U0047,2025-03-08T23:05:51Z,WRITE,Payment Processor,SALES_VIEW,Denied
user22@atko.email,U0030,2025-10-04T23:05:51Z,LOGIN,Security,GENERAL_USER,Denied
user3@atko.email,U0011,2025-04-02T23:05:51Z,READ,HR,READ_ONLY,Denied
john.doe@atko.email,U0002,2024-12-29T23:05:51Z,WRITE,Payment Processor,AUDIT_READ,Denied
user1@atko.email,U0009,2025-03-09T23:05:51Z,WRITE,Payment Processor,SALES_VIEW,Permitted
user9@atko.email,U0017,2025-09-02T23:05:51Z,LOGOUT,Security,READ_ONLY,Permitted
samantha.driver@atko.email,U0004,2025-08-25T23:05:51Z,CREATE NEW VENDOR,Security,GENERAL_USER,Denied
user43@atko.email,U0051,2025-08-23T23:05:51Z,READ,Security,FIN_VENDOR_CREATOR,Permitted
user23@atko.email,U0031,2025-04-01T23:05:51Z,APPROVE,Security,FIN_PROCESS_APPR,Denied
user16@atko.email,U0024,2025-09-12T23:05:51Z,UPDATE,Admin,IT_MAINTAIN,Permitted
user38@atko.email,U0046,2025-01-16T23:05:51Z,READ,Security,FIN_PROCESS_APPR,Permitted
user21@atko.email,U0029,2025-07-15T23:05:51Z,WRITE,IT_Ops,IT_MAINTAIN,Permitted
user41@atko.email,U0049,2025-04-09T23:05:51Z,CREATE NEW VENDOR,HR,GENERAL_USER,Denied
user45@atko.email,U0053,2025-10-21T23:05:51Z,DELETE,IT_Ops,SECURITY_EXECUTE,Denied
user32@atko.email,U0040,2025-05-09T23:05:51Z,CHECK_PERMS,Admin,FINANCE_EDIT,Denied
user47@atko.email,U0055,2025-11-02T23:05:51Z,WRITE,Sales,IT_MAINTAIN,Permitted
user9@atko.email,U0017,2025-11-19T23:05:51Z,EXECUTE,Employee,FIN_PROCESS_APPR,Denied
user24@atko.email,U0032,2025-03-07T23:05:51Z,DELETE,Auditor,IT_MAINTAIN,Permitted
user44@atko.email,U0052,11/23/2025,LOGIN,Employee,AUDIT_READ,Permitted
user20@atko.email,U0028,2025-09-09T23:05:51Z,READ,Security,GENERAL_USER,Denied
harms.rosa@atko.email,U0003,2025-08-07T23:05:51Z,LOGOUT,Payment Processor,SALES_VIEW,Denied
user33@atko.email,U0041,2025-01-27T23:05:51Z,LOGOUT,Finance,GENERAL_USER,Permitted
user14@atko.email,USER_A,2024-12-25T23:05:51Z,CHECK_PERMS,Employee,READ_ONLY,Denied
user0@atko.email,U0008,2025-03-22T23:05:51Z,EXECUTE,Employee,FINANCE_EDIT,Permitted
user34@atko.email,U0042,2025-02-06T23:05:51Z,APPROVE,Viewer,GENERAL_USER,Permitted
user4@atko.email,U0012,2025-07-14T23:05:51Z,LOGOUT,Finance,GENERAL_USER,Permitted
max@atko.email,U0007,2025-08-19T23:05:51Z,EXECUTE,Finance,AUDIT_READ,Denied
user19@atko.email,U0027,2025-06-18T23:05:51Z,EXECUTE,Finance,SYSTEM_ADMIN_ALL,Denied
user34@atko.email,U0042,2025-10-01T23:05:51Z,LOGOUT,Admin,SALES_VIEW,Permitted
user48@atko.email,U0056,2025-11-02T23:05:51Z,LOGIN,Sales,READ_ONLY,Permitted
user17@atko.email,U0025,04/30/2025,CREATE NEW VENDOR,Sales,AUDIT_READ,Permitted
ashwin.ramnarayanan@okta.com,U0001,2025-08-27T23:05:51Z,CREATE NEW VENDOR,Payment Processor,SALES_VIEW,Denied
user42@atko.email,U0050,03/17/2025,DELETE,Viewer,FINANCE_EDIT,Denied
user11@atko.email,U0019,2025-11-15T23:05:51Z,CHECK_PERMS,Security,READ_ONLY,Permitted
user4@atko.email,U0012,2025-04-21T23:05:51Z,EXECUTE,Finance,FINANCE_EDIT,Permitted
user35@atko.email,U0043,2025-08-05T23:05:51Z,CHECK_PERMS,Auditor,GENERAL_USER,Denied
user35@atko.email,U0043,2025-09-11T23:05:51Z,EXECUTE,Auditor,FINANCE_EDIT,Permitted
user23@atko.email,U0031,2025-09-08T23:05:51Z,WRITE,Auditor,AUDIT_READ,Permitted
user16@atko.email,U0024,2025-05-15T23:05:51Z,APPROVE,Finance,AUDIT_READ,Permitted
user27@atko.email,U0035,10/20/2025,EXECUTE,Sales,SYSTEM_ADMIN_ALL,Permitted
user24@atko.email,U0032,2025-03-13T23:05:51Z,DELETE,Auditor,IT_MAINTAIN,Permitted
user4@atko.email,U0012,12/14/2024,WRITE,Viewer,FINANCE_EDIT,Denied
harms.rosa@atko.email,U0003,2025-02-02T23:05:51Z,EXECUTE,HR,SECURITY_EXECUTE,Permitted
user9@atko.email,U0017,2025-03-06T23:05:51Z,DELETE,Sales,READ_ONLY,Denied
ivan@atko.email,U0006,2024-12-19T23:05:51Z,CREATE NEW VENDOR,Payment Processor,FIN_PROCESS_APPR,Denied
user31@atko.email,U0039,01/07/2025,CREATE NEW VENDOR,Admin,READ_ONLY,Denied
user5@atko.email,U0013,2025-01-14T23:05:51Z,CREATE NEW VENDOR,Viewer,READ_ONLY,Permitted
user5@atko.email,USER_A,2025-07-03T23:05:51Z,UPDATE,Auditor,SYSTEM_ADMIN_ALL,Permitted
user40@atko.email,U0048,2025-06-04T23:05:51Z,UPDATE,Finance,SALES_VIEW,Denied
user40@atko.email,U0048,2025-03-08T23:05:51Z,READ,Admin,SALES_VIEW,Denied
user2@atko.email,U0010,2025-08-26T23:05:51Z,APPROVE,Payment Processor,FIN_VENDOR_CREATOR,Permitted
user1@atko.email,U0009,2025-09-29T23:05:51Z,APPROVE,Viewer,SYSTEM_ADMIN_ALL,Permitted
user25@atko.email,USER_A,2025-05-20T23:05:51Z,LOGIN,Payment Processor,HR_VIEW,Permitted
user20@atko.email,U0028,2025-11-03T23:05:51Z,CREATE NEW VENDOR,HR,SALES_VIEW,Denied
user27@atko.email,U0035,06/14/2025,EXECUTE,Viewer,FINANCE_EDIT,Permitted
user30@atko.email,U0038,2024-12-15T23:05:51Z,LOGIN,Sales,READ_ONLY,Denied
user34@atko.email,U0042,2025-07-03T23:05:51Z,CHECK_PERMS,IT_Ops,AUDIT_READ,Permitted
user12@atko.email,U0020,2025-10-07T23:05:51Z,READ,Payment Processor,FIN_PROCESS_APPR,Permitted
user24@atko.email,U0032,2025-09-27T23:05:51Z,LOGOUT,Viewer,SYSTEM_ADMIN_ALL,Permitted
user45@atko.email,U0053,2024-12-31T23:05:51Z,READ,Payment Processor,SECURITY_EXECUTE,Denied
user13@atko.email,U0021,2025-05-24T23:05:51Z,EXECUTE,Security,SYSTEM_ADMIN_ALL,Denied
ashwin.ramnarayanan@okta.com,U0001,2025-04-05T23:05:51Z,LOGIN,Viewer,AUDIT_READ,Permitted
user4@atko.email,U0012,2025-08-15T23:05:51Z,DELETE,Employee,SYSTEM_ADMIN_ALL,Permitted
user12@atko.email,U0020,2025-06-13T23:05:51Z,LOGOUT,Employee,READ_ONLY,Permitted
user14@atko.email,U0022,2025-03-04T23:05:51Z,CHECK_PERMS,Sales,READ_ONLY,Permitted
user34@atko.email,U0042,2025-04-06T23:05:51Z,APPROVE,HR,SECURITY_EXECUTE,Denied
user15@atko.email,U0023,2025-07-18T23:05:51Z,DELETE,Auditor,HR_VIEW,Permitted
user30@atko.email,U0038,2025-03-19T23:05:51Z,APPROVE,Payment Processor,FIN_PROCESS_APPR,Permitted
user49@atko.email,U0057,2025-06-19T23:05:51Z,DELETE,Employee,FIN_PROCESS_APPR,Permitted
user47@atko.email,U0055,2025-05-30T23:05:51Z,UPDATE,Admin,FIN_VENDOR_CREATOR,Denied
user37@atko.email,U0045,2025-02-26T23:05:51Z,WRITE,Sales,SALES_VIEW,Permitted
user18@atko.email,U0026,2025-06-22T23:05:51Z,WRITE,Admin,SECURITY_EXECUTE,Denied
ivan@atko.email,U0006,2025-05-27T23:05:51Z,UPDATE,HR,IT_MAINTAIN,Permitted
user2@atko.email,U0010,2025-08-11T23:05:51Z,EXECUTE,HR,FIN_PROCESS_APPR,Denied
user24@atko.email,U0032,2025-04-12T23:05:51Z,READ,IT_Ops,FINANCE_EDIT,Permitted
user4@atko.email,U0012,2025-05-24T23:05:51Z,LOGOUT,HR,AUDIT_READ,Permitted
creep.user@atko.email,U9999,2025-11-16T23:05:51Z,LOGIN,Auditor,IT_MAINTAIN,Permitted
user7@atko.email,U0015,2025-11-13T23:05:51Z,UPDATE,Sales,SECURITY_EXECUTE,Denied
samantha.driver@atko.email,U0004,2025-07-09T23:05:51Z,LOGOUT,Security,FIN_PROCESS_APPR,Denied
user36@atko.email,U0044,2025-05-16T23:05:51Z,WRITE,Payment Processor,FIN_VENDOR_CREATOR,Denied
user44@atko.email,U0052,2025-01-07T23:05:51Z,CREATE NEW VENDOR,Security,FINANCE_EDIT,Denied
ashwin.ramnarayanan@okta.com,U0001,06/25/2025,LOGIN,Viewer,READ_ONLY,Permitted
user49@atko.email,U0057,2025-11-17T23:05:51Z,LOGIN,Finance,SALES_VIEW,Denied
user4@atko.email,U0012,2025-09-07T23:05:51Z,APPROVE,Security,IT_MAINTAIN,Permitted
creep.user@atko.email,USER_A,2025-06-20T23:05:51Z,LOGIN,Payment Processor,SYSTEM_ADMIN_ALL,Permitted
user35@atko.email,U0043,2025-05-09T23:05:51Z,DELETE,Admin,SALES_VIEW,Denied
user11@atko.email,U0019,2025-04-20T23:05:51Z,EXECUTE,IT_Ops,SALES_VIEW,Denied
user47@atko.email,U0055,2025-03-25T23:05:51Z,UPDATE,Sales,HR_VIEW,Permitted
user35@atko.email,U0043,10/23/2025,CREATE NEW VENDOR,HR,SALES_VIEW,Permitted
user43@atko.email,U0051,2025-04-17T23:05:51Z,WRITE,Admin,FINANCE_EDIT,Denied
user9@atko.email,U0017,2025-09-09T23:05:51Z,WRITE,Finance,GENERAL_USER,Denied
user28@atko.email,U0036,2025-11-19T23:05:51Z,LOGOUT,Finance,IT_MAINTAIN,Denied
user1@atko.email,U0009,2025-09-16T23:05:51Z,DELETE,HR,HR_VIEW,Permitted
user13@atko.email,U0021,2025-11-17T23:05:51Z,DELETE,Auditor,GENERAL_USER,Denied
user43@atko.email,U0051,2025-05-17T23:05:51Z,CREATE NEW VENDOR,Sales,SALES_VIEW,Permitted
user14@atko.email,U0022,2025-04-15T23:05:51Z,LOGIN,Admin,READ_ONLY,Denied
user5@atko.email,U0013,2025-03-09T23:05:51Z,UPDATE,HR,SALES_VIEW,Permitted
user39@atko.email,U0047,2025-10-14T23:05:51Z,CHECK_PERMS,Security,FIN_VENDOR_CREATOR,Denied
user8@atko.email,U0016,2025-08-18T23:05:51Z,APPROVE,Sales,IT_MAINTAIN,Permitted
user26@atko.email,U0034,2024-12-21T23:05:51Z,READ,Viewer,SYSTEM_ADMIN_ALL,Permitted
user24@atko.email,U0032,2025-06-04T23:05:51Z,LOGIN,Security,SALES_VIEW,Denied
user7@atko.email,U0015,2024-12-08T23:05:51Z,APPROVE,Security,HR_VIEW,Permitted
user48@atko.email,U0056,2025-03-08T23:05:51Z,READ,Payment Processor,FIN_PROCESS_APPR,Denied
john.doe@atko.email,USER_A,2025-06-22T23:05:51Z,CREATE NEW VENDOR,Auditor,SYSTEM_ADMIN_ALL,Denied
user3@atko.email,U0011,2025-10-11T23:05:51Z,WRITE,Employee,FIN_PROCESS_APPR,Denied
user10@atko.email,U0018,2025-05-01T23:05:51Z,LOGOUT,Payment Processor,READ_ONLY,Permitted
user18@atko.email,U0026,2025-11-15T23:05:51Z,APPROVE,Security,FINANCE_EDIT,Denied
user32@atko.email,U0040,2025-02-02T23:05:51Z,CREATE NEW VENDOR,Employee,SYSTEM_ADMIN_ALL,Denied
user12@atko.email,U0020,2025-09-28T23:05:51Z,WRITE,Admin,SYSTEM_ADMIN_ALL,Denied
user7@atko.email,USER_A,12/26/2024,READ,HR,READ_ONLY,Denied
user27@atko.email,U0035,2025-01-11T23:05:51Z,READ,Viewer,SECURITY_EXECUTE,Denied
ashwin.ramnarayanan@okta.com,U0001,2025-05-25T23:05:51Z,EXECUTE,Sales,IT_MAINTAIN,Permitted
user31@atko.email,U0039,2025-06-07T23:05:51Z,APPROVE,Security,SECURITY_EXECUTE,Denied
user28@atko.email,USER_A,2025-02-25T23:05:51Z,CREATE NEW VENDOR,Finance,SYSTEM_ADMIN_ALL,Permitted
user28@atko.email,U0036,2025-04-04T23:05:51Z,APPROVE,Sales,READ_ONLY,Permitted
user13@atko.email,U0021,2025-04-23T23:05:51Z,READ,Auditor,FINANCE_EDIT,Permitted
user42@atko.email,U0050,2025-03-28T23:05:51Z,CHECK_PERMS,Admin,FIN_PROCESS_APPR,Denied
user34@atko.email,U0042,2025-01-05T23:05:51Z,CHECK_PERMS,Sales,SYSTEM_ADMIN_ALL,Denied
user18@atko.email,U0026,2025-09-14T23:05:51Z,DELETE,IT_Ops,SECURITY_EXECUTE,Permitted
user39@atko.email,U0047,2025-11-20T23:05:51Z,CHECK_PERMS,Security,FIN_PROCESS_APPR,Permitted
user10@atko.email,U0018,2025-08-23T23:05:51Z,DELETE,IT_Ops,HR_VIEW,Permitted
creep.user@atko.email,U9999,2025-11-29T23:05:51Z,UPDATE,IT_Ops,FIN_PROCESS_APPR,Permitted
user48@atko.email,U0056,2025-10-25T23:05:51Z,CHECK_PERMS,Finance,FIN_VENDOR_CREATOR,Denied
user34@atko.email,U0042,2024-12-29T23:05:51Z,EXECUTE,Auditor,SYSTEM_ADMIN_ALL,Permitted
user26@atko.email,U0034,2025-12-04T23:05:51Z,DELETE,Finance,HR_VIEW,Denied
user22@atko.email,U0030,2024-12-08T23:05:51Z,UPDATE,Admin,READ_ONLY,Denied
user38@atko.email,U0046,2025-01-01T23:05:51Z,CREATE NEW VENDOR,IT_Ops,FINANCE_EDIT,Denied
user44@atko.email,U0052,2025-09-02T23:05:51Z,DELETE,Payment Processor,FIN_PROCESS_APPR,Denied
max@atko.email,U0007,2025-11-26T23:05:51Z,READ,HR,GENERAL_USER,Permitted
user24@atko.email,U0032,2025-08-11T23:05:51Z,EXECUTE,Sales,SYSTEM_ADMIN_ALL,Denied
user1@atko.email,U0009,2025-08-14T23:05:51Z,EXECUTE,Finance,READ_ONLY,Permitted
user44@atko.email,U0052,2024-12-20T23:05:51Z,APPROVE,Employee,GENERAL_USER,Permitted
user36@atko.email,U0044,2025-04-11T23:05:51Z,LOGOUT,Employee,FINANCE_EDIT,Denied
ivan@atko.email,USER_A,2025-02-04T23:05:51Z,CHECK_PERMS,IT_Ops,FINANCE_EDIT,Denied
user9@atko.email,U0017,2025-05-17T23:05:51Z,DELETE,Auditor,FINANCE_EDIT,Denied
user0@atko.email,U0008,2025-07-10T23:05:51Z,CREATE NEW VENDOR,Admin,AUDIT_READ,Denied
user35@atko.email,U0043,2025-11-25T23:05:51Z,DELETE,Auditor,SECURITY_EXECUTE,Permitted
user46@atko.email,U0054,2025-08-21T23:05:51Z,LOGIN,Auditor,HR_VIEW,Denied
user32@atko.email,U0040,2025-04-11T23:05:51Z,DELETE,HR,HR_VIEW,Denied
samantha.driver@atko.email,U0004,2025-09-20T23:05:51Z,WRITE,Auditor,FIN_PROCESS_APPR,Permitted
john.doe@atko.email,U0002,2025-10-30T23:05:51Z,LOGOUT,IT_Ops,IT_MAINTAIN,Permitted
user49@atko.email,U0057,2025-10-24T23:05:51Z,WRITE,HR,IT_MAINTAIN,Permitted
user9@atko.email,U0017,10/19/2025,READ,Security,FIN_VENDOR_CREATOR,Permitted
user14@atko.email,U0022,2025-03-04T23:05:51Z,EXECUTE,Viewer,AUDIT_READ,Denied
user28@atko.email,U0036,2025-03-13T23:05:51Z,DELETE,Employee,SECURITY_EXECUTE,Permitted
user19@atko.email,U0027,2025-04-25T23:05:51Z,UPDATE,Security,GENERAL_USER,Permitted
user13@atko.email,U0021,2024-12-26T23:05:51Z,EXECUTE,Sales,HR_VIEW,Denied
harms.rosa@atko.email,U0003,2025-05-17T23:05:51Z,READ,Employee,FINANCE_EDIT,Denied
user45@atko.email,U0053,2025-05-15T23:05:51Z,WRITE,Admin,HR_VIEW,Denied
john.doe@atko.email,U0002,2025-02-22T23:05:51Z,DELETE,Employee,SYSTEM_ADMIN_ALL,Permitted
user3@atko.email,U0011,2025-05-05T23:05:51Z,UPDATE,Admin,READ_ONLY,Permitted
kobe.doe@atko.email,U0005,2025-05-25T23:05:51Z,WRITE,Sales,FIN_PROCESS_APPR,Permitted
john.doe@atko.email,U0002,2025-02-15T23:05:51Z,DELETE,Admin,IT_MAINTAIN,Permitted
user16@atko.email,U0024,2025-05-24T23:05:51Z,EXECUTE,Payment Processor,FINANCE_EDIT,Permitted
user35@atko.email,U0043,2025-11-12T23:05:51Z,LOGOUT,Sales,HR_VIEW,Permitted
user42@atko.email,U0050,2025-06-29T23:05:51Z,CREATE NEW VENDOR,Payment Processor,FIN_PROCESS_APPR,Permitted
user23@atko.email,U0031,2025-04-07T23:05:51Z,EXECUTE,Security,FIN_PROCESS_APPR,Permitted
user28@atko.email,U0036,2025-06-30T23:05:51Z,WRITE,Finance,AUDIT_READ,Denied
user24@atko.email,U0032,2024-12-15T23:05:51Z,DELETE,Admin,AUDIT_READ,Denied
harms.rosa@atko.email,U0003,2025-09-30T23:05:51Z,READ,Finance,READ_ONLY,Denied
user20@atko.email,U0028,2025-09-06T23:05:51Z,EXECUTE,HR,IT_MAINTAIN,Denied
user45@atko.email,U0053,2025-07-19T23:05:51Z,DELETE,Sales,SALES_VIEW,Permitted
samantha.driver@atko.email,U0004,2025-02-22T23:05:51Z,DELETE,Finance,FIN_VENDOR_CREATOR,Denied
user47@atko.email,U0055,2024-12-10T23:05:51Z,DELETE,Viewer,AUDIT_READ,Permitted
user41@atko.email,U0049,01/27/2025,DELETE,Viewer,SALES_VIEW,Permitted
user43@atko.email,U0051,2025-07-11T23:05:51Z,CREATE NEW VENDOR,Employee,FIN_PROCESS_APPR,Permitted
user29@atko.email,U0037,2025-02-22T23:05:51Z,READ,Auditor,FIN_PROCESS_APPR,Permitted
user49@atko.email,U0057,2025-04-06T23:05:51Z,DELETE,HR,AUDIT_READ,Denied
user1@atko.email,U0009,2025-03-03T23:05:51Z,UPDATE,Employee,READ_ONLY,Denied
user49@atko.email,U0057,2024-12-29T23:05:51Z,LOGIN,Finance,SALES_VIEW,Permitted
user48@atko.email,U0056,2025-10-28T23:05:51Z,CHECK_PERMS,HR,READ_ONLY,Denied
user5@atko.email,U0013,2025-06-18T23:05:51Z,LOGIN,Employee,FINANCE_EDIT,Denied
john.doe@atko.email,U0002,2024-12-19T23:05:51Z,LOGIN,Auditor,FIN_VENDOR_CREATOR,Denied
user49@atko.email,U0057,2025-05-25T23:05:51Z,LOGIN,Security,AUDIT_READ,Denied
user45@atko.email,U0053,2025-05-29T23:05:51Z,UPDATE,Payment Processor,HR_VIEW,Permitted
user45@atko.email,U0053,01/31/2025,READ,Admin,GENERAL_USER,Denied
ashwin.ramnarayanan@okta.com,U0001,2025-08-09T23:05:51Z,APPROVE,Auditor,HR_VIEW,Permitted
user2@atko.email,U0010,03/30/2025,WRITE,IT_Ops,READ_ONLY,Denied
user46@atko.email,U0054,2024-12-09T23:05:51Z,APPROVE,Admin,AUDIT_READ,Permitted
user18@atko.email,U0026,2025-01-17T23:05:51Z,LOGOUT,Sales,GENERAL_USER,Permitted
user49@atko.email,U0057,2025-07-04T23:05:51Z,CREATE NEW VENDOR,Sales,SALES_VIEW,Denied
user44@atko.email,U0052,2025-09-30T23:05:51Z,CHECK_PERMS,Admin,READ_ONLY,Permitted
user0@atko.email,U0008,2025-01-29T23:05:51Z,DELETE,HR,AUDIT_READ,Permitted
user25@atko.email,U0033,03/18/2025,WRITE,Employee,IT_MAINTAIN,Permitted
user29@atko.email,U0037,2025-07-15T23:05:51Z,CREATE NEW VENDOR,Security,IT_MAINTAIN,Denied
user7@atko.email,U0015,2025-03-18T23:05:51Z,LOGIN,HR,READ_ONLY,Permitted
kobe.doe@atko.email,U0005,2025-02-17T23:05:51Z,LOGOUT,IT_Ops,SYSTEM_ADMIN_ALL,Permitted
user43@atko.email,U0051,2025-09-16T23:05:51Z,LOGOUT,Admin,AUDIT_READ,Permitted
user18@atko.email,U0026,2025-07-05T23:05:51Z,EXECUTE,HR,SECURITY_EXECUTE,Denied
ashwin.ramnarayanan@okta.com,U0001,2025-01-24T23:05:51Z,DELETE,Sales,SYSTEM_ADMIN_ALL,Denied
user42@atko.email,U0050,07/10/2025,EXECUTE,Admin,FIN_PROCESS_APPR,Permitted
user1@atko.email,U0009,2025-10-16T23:05:51Z,UPDATE,Auditor,GENERAL_USER,Permitted
user8@atko.email,U0016,2025-03-08T23:05:51Z,DELETE,IT_Ops,READ_ONLY,Denied
user47@atko.email,U0055,2025-06-20T23:05:51Z,LOGOUT,Viewer,SYSTEM_ADMIN_ALL,Permitted
user5@atko.email,U0013,2025-09-19T23:05:51Z,UPDATE,HR,SALES_VIEW,Permitted
user9@atko.email,U0017,2025-10-08T23:05:51Z,UPDATE,Finance,SYSTEM_ADMIN_ALL,Permitted
user15@atko.email,U0023,2025-07-30T23:05:51Z,READ,Employee,IT_MAINTAIN,Denied
kobe.doe@atko.email,U0005,2025-04-23T23:05:51Z,LOGOUT,HR,SALES_VIEW,Denied
user3@atko.email,U0011,2025-11-29T23:05:51Z,DELETE,IT_Ops,FIN_PROCESS_APPR,Denied
user49@atko.email,U0057,2024-12-28T23:05:51Z,APPROVE,HR,IT_MAINTAIN,Permitted
kobe.doe@atko.email,U0005,2025-01-16T23:05:51Z,READ,Viewer,SYSTEM_ADMIN_ALL,Permitted
user39@atko.email,USER_A,12/16/2024,UPDATE,Payment Processor,READ_ONLY,Permitted
user20@atko.email,U0028,2025-07-08T23:05:51Z,DELETE,Auditor,SYSTEM_ADMIN_ALL,Permitted
user0@atko.email,U0008,2025-05-03T23:05:51Z,READ,Sales,IT_MAINTAIN,Denied
user43@atko.email,U0051,2024-12-18T23:05:51Z,CHECK_PERMS,Viewer,FINANCE_EDIT,Denied
user48@atko.email,U0056,11/11/2025,READ,Security,IT_MAINTAIN,Permitted
user39@atko.email,U0047,2025-01-30T23:05:51Z,CHECK_PERMS,Payment Processor,SALES_VIEW,Permitted
samantha.driver@atko.email,U0004,2025-07-02T23:05:51Z,CREATE NEW VENDOR,Employee,SECURITY_EXECUTE,Permitted
user46@atko.email,U0054,2025-01-16T23:05:51Z,READ,Payment Processor,FIN_VENDOR_CREATOR,Denied
user13@atko.email,U0021,2025-08-31T23:05:51Z,CHECK_PERMS,Security,READ_ONLY,Permitted
user25@atko.email,U0033,2024-12-29T23:05:51Z,CHECK_PERMS,IT_Ops,READ_ONLY,Permitted
max@atko.email,U0007,2025-04-01T23:05:51Z,DELETE,Viewer,HR_VIEW,Permitted
user49@atko.email,USER_A,2025-11-29T23:05:51Z,LOGIN,Employee,IT_MAINTAIN,Permitted
user15@atko.email,U0023,2025-03-25T23:05:51Z,APPROVE,Sales,FIN_PROCESS_APPR,Denied
user34@atko.email,U0042,02/14/2025,DELETE,Security,FIN_PROCESS_APPR,Denied
ivan@atko.email,U0006,2025-04-16T23:05:51Z,CHECK_PERMS,Auditor,READ_ONLY,Permitted
user31@atko.email,U0039,2025-09-23T23:05:51Z,CHECK_PERMS,Payment Processor,IT_MAINTAIN,Denied
user11@atko.email,U0019,2025-04-08T23:05:51Z,LOGOUT,Payment Processor,HR_VIEW,Permitted
user14@atko.email,U0022,2025-08-03T23:05:51Z,APPROVE,Sales,SECURITY_EXECUTE,Denied
user5@atko.email,U0013,2025-03-04T23:05:51Z,UPDATE,Sales,FINANCE_EDIT,Permitted
user17@atko.email,U0025,2025-10-30T23:05:51Z,UPDATE,Employee,SYSTEM_ADMIN_ALL,Permitted
user37@atko.email,U0045,2025-01-01T23:05:51Z,APPROVE,Auditor,FIN_VENDOR_CREATOR,Permitted
user0@atko.email,U0008,2025-10-09T23:05:51Z,WRITE,Auditor,SALES_VIEW,Denied
user28@atko.email,U0036,2025-01-29T23:05:51Z,UPDATE,Viewer,FIN_PROCESS_APPR,Permitted
user19@atko.email,U0027,2025-04-29T23:05:51Z,CHECK_PERMS,Employee,SYSTEM_ADMIN_ALL,Denied
user40@atko.email,U0048,2025-10-11T23:05:51Z,UPDATE,Security,GENERAL_USER,Denied
user19@atko.email,U0027,03/27/2025,READ,Auditor,FINANCE_EDIT,Denied
ashwin.ramnarayanan@okta.com,U0001,2025-04-19T23:05:51Z,CHECK_PERMS,Auditor,AUDIT_READ,Denied
user13@atko.email,U0021,2025-12-04T23:05:51Z,APPROVE,HR,FIN_VENDOR_CREATOR,Permitted
user33@atko.email,U0041,2025-04-15T23:05:51Z,EXECUTE,IT_Ops,READ_ONLY,Permitted
user20@atko.email,U0028,2025-04-25T23:05:51Z,CHECK_PERMS,Security,FINANCE_EDIT,Permitted
user30@atko.email,U0038,2025-11-11T23:05:51Z,LOGOUT,Payment Processor,FIN_VENDOR_CREATOR,Permitted
user20@atko.email,U0028,2025-01-07T23:05:51Z,CHECK_PERMS,Payment Processor,HR_VIEW,Denied
user44@atko.email,U0052,2025-08-10T23:05:51Z,LOGIN,IT_Ops,READ_ONLY,Permitted
ashwin.ramnarayanan@okta.com,U0001,2025-05-20T23:05:51Z,DELETE,Auditor,FIN_PROCESS_APPR,Denied
user7@atko.email,U0015,2025-11-10T23:05:51Z,CREATE NEW VENDOR,Security,READ_ONLY,Permitted
user20@atko.email,U0028,2025-08-08T23:05:51Z,LOGIN,Auditor,GENERAL_USER,Denied
user40@atko.email,U0048,2025-01-20T23:05:51Z,CHECK_PERMS,HR,FINANCE_EDIT,Denied
user8@atko.email,U0016,2025-02-12T23:05:51Z,EXECUTE,Security,SALES_VIEW,Denied
user23@atko.email,U0031,2025-08-09T23:05:51Z,READ,Finance,SECURITY_EXECUTE,Permitted
user47@atko.email,U0055,2025-10-30T23:05:51Z,WRITE,Payment Processor,READ_ONLY,Permitted
user25@atko.email,U0033,2025-07-09T23:05:51Z,CREATE NEW VENDOR,Viewer,READ_ONLY,Denied
user35@atko.email,U0043,2025-08-01T23:05:51Z,CREATE NEW VENDOR,Sales,SECURITY_EXECUTE,Permitted
john.doe@atko.email,U0002,10/04/2025,EXECUTE,Admin,READ_ONLY,Denied
samantha.driver@atko.email,U0004,09/26/2025,APPROVE,Employee,AUDIT_READ,Permitted
user8@atko.email,U0016,2025-12-04T23:05:51Z,READ,Employee,IT_MAINTAIN,Denied
harms.rosa@atko.email,U0003,2025-05-22T23:05:51Z,EXECUTE,IT_Ops,SYSTEM_ADMIN_ALL,Permitted
user44@atko.email,U0052,2025-03-21T23:05:51Z,APPROVE,Finance,SALES_VIEW,Permitted
ivan@atko.email,U0006,2025-04-05T23:05:51Z,DELETE,Payment Processor,FIN_VENDOR_CREATOR,Denied
user13@atko.email,U0021,2025-11-14T23:05:51Z,LOGIN,Employee,IT_MAINTAIN,Denied
user4@atko.email,U0012,2025-07-13T23:05:51Z,UPDATE,Auditor,FIN_VENDOR_CREATOR,Permitted
user12@atko.email,U0020,2025-02-26T23:05:51Z,LOGOUT,Viewer,FIN_PROCESS_APPR,Permitted
user36@atko.email,U0044,2025-03-18T23:05:51Z,LOGOUT,Sales,SYSTEM_ADMIN_ALL,Denied
user43@atko.email,U0051,2024-12-12T23:05:51Z,CREATE NEW VENDOR,Payment Processor,SECURITY_EXECUTE,Permitted
user3@atko.email,U0011,2024-12-19T23:05:51Z,LOGIN,Admin,FIN_PROCESS_APPR,Permitted
user47@atko.email,U0055,2025-11-25T23:05:51Z,DELETE,Admin,GENERAL_USER,Denied
user42@atko.email,U0050,2025-08-30T23:05:51Z,LOGOUT,Employee,SECURITY_EXECUTE,Denied
user21@atko.email,U0029,2025-09-30T23:05:51Z,READ,Admin,SALES_VIEW,Denied
user26@atko.email,U0034,2025-08-22T23:05:51Z,LOGOUT,Sales,SYSTEM_ADMIN_ALL,Permitted
kobe.doe@atko.email,U0005,2025-11-07T23:05:51Z,LOGOUT,Payment Processor,SYSTEM_ADMIN_ALL,Denied
user10@atko.email,U0018,2025-04-01T23:05:51Z,CREATE NEW VENDOR,Security,FIN_PROCESS_APPR,Permitted
max@atko.email,U0007,2025-03-08T23:05:51Z,WRITE,Employee,AUDIT_READ,Denied
user46@atko.email,U0054,2024-12-30T23:05:51Z,DELETE,Sales,FINANCE_EDIT,Denied
kobe.doe@atko.email,U0005,2025-06-15T23:05:51Z,READ,Sales,IT_MAINTAIN,Denied
user5@atko.email,U0013,2025-04-18T23:05:51Z,CHECK_PERMS,Security,SYSTEM_ADMIN_ALL,Denied
user48@atko.email,U0056,2025-05-18T23:05:51Z,CHECK_PERMS,Payment Processor,FIN_VENDOR_CREATOR,Permitted
user40@atko.email,U0048,2025-05-19T23:05:51Z,CHECK_PERMS,IT_Ops,AUDIT_READ,Denied
user45@atko.email,U0053,2025-09-05T23:05:51Z,READ,HR,FIN_VENDOR_CREATOR,Denied
user4@atko.email,U0012,2025-09-14T23:05:51Z,CHECK_PERMS,IT_Ops,SYSTEM_ADMIN_ALL,Denied
user43@atko.email,U0051,06/18/2025,APPROVE,Finance,IT_MAINTAIN,Permitted
user5@atko.email,U0013,2025-07-20T23:05:51Z,APPROVE,Security,SECURITY_EXECUTE,Denied
creep.user@atko.email,U9999,2025-08-30T23:05:51Z,UPDATE,Viewer,SALES_VIEW,Denied
user43@atko.email,U0051,2025-02-10T23:05:51Z,READ,Viewer,SECURITY_EXECUTE,Denied
user42@atko.email,U0050,2025-01-02T23:05:51Z,DELETE,Finance,FIN_VENDOR_CREATOR,Permitted
samantha.driver@atko.email,U0004,2025-11-09T23:05:51Z,DELETE,Employee,FINANCE_EDIT,Permitted
user21@atko.email,U0029,2025-11-04T23:05:51Z,LOGOUT,Auditor,AUDIT_READ,Permitted
user16@atko.email,USER_A,2025-11-13T23:05:51Z,APPROVE,IT_Ops,SYSTEM_ADMIN_ALL,Permitted
user25@atko.email,U0033,2025-06-25T23:05:51Z,CREATE NEW VENDOR,Auditor,SECURITY_EXECUTE,Permitted
user37@atko.email,U0045,2025-10-20T23:05:51Z,UPDATE,Security,FIN_VENDOR_CREATOR,Permitted
user22@atko.email,U0030,2025-02-01T23:05:51Z,CREATE NEW VENDOR,Auditor,IT_MAINTAIN,Permitted
user7@atko.email,U0015,2025-10-03T23:05:51Z,CREATE NEW VENDOR,HR,SYSTEM_ADMIN_ALL,Permitted
user42@atko.email,U0050,2025-08-07T23:05:51Z,WRITE,Finance,READ_ONLY,Denied
user32@atko.email,U0040,2025-08-27T23:05:51Z,CREATE NEW VENDOR,Payment Processor,READ_ONLY,Denied
user13@atko.email,U0021,2025-10-08T23:05:51Z,DELETE,Employee,READ_ONLY,Permitted
user7@atko.email,U0015,07/15/2025,LOGOUT,Viewer,SALES_VIEW,Denied
user48@atko.email,U0056,04/17/2025,CHECK_PERMS,Finance,HR_VIEW,Permitted
user1@atko.email,U0009,2025-11-20T23:05:51Z,CHECK_PERMS,Finance,AUDIT_READ,Denied
user30@atko.email,U0038,2025-10-06T23:05:51Z,UPDATE,Payment Processor,HR_VIEW,Permitted
user12@atko.email,U0020,2025-07-15T23:05:51Z,APPROVE,IT_Ops,READ_ONLY,Denied
user43@atko.email,U0051,2025-07-09T23:05:51Z,APPROVE,Finance,SYSTEM_ADMIN_ALL,Permitted
user11@atko.email,U0019,2025-10-04T23:05:51Z,WRITE,Finance,SALES_VIEW,Permitted
user38@atko.email,U0046,2025-02-25T23:05:51Z,EXECUTE,Auditor,GENERAL_USER,Denied
ashwin.ramnarayanan@okta.com,U0001,2025-06-12T23:05:51Z,LOGIN,Admin,IT_MAINTAIN,Denied
user9@atko.email,U0017,2025-10-29T23:05:51Z,DELETE,Finance,SYSTEM_ADMIN_ALL,Denied
user12@atko.email,U0020,03/04/2025,DELETE,Payment Processor,SECURITY_EXECUTE,Denied
user31@atko.email,U0039,2025-07-27T23:05:51Z,LOGIN,Sales,SECURITY_EXECUTE,Denied
user28@atko.email,U0036,2025-11-13T23:05:51Z,LOGIN,Viewer,HR_VIEW,Permitted
user14@atko.email,U0022,2025-01-29T23:05:51Z,WRITE,Employee,READ_ONLY,Permitted
user7@atko.email,U0015,2025-05-15T23:05:51Z,LOGOUT,HR,SYSTEM_ADMIN_ALL,Permitted
user1@atko.email,U0009,2025-04-12T23:05:51Z,CREATE NEW VENDOR,Finance,AUDIT_READ,Permitted
user19@atko.email,U0027,2025-08-08T23:05:51Z,DELETE,Viewer,AUDIT_READ,Denied
user34@atko.email,U0042,2025-07-13T23:05:51Z,READ,IT_Ops,FIN_PROCESS_APPR,Permitted
user27@atko.email,U0035,2025-05-02T23:05:51Z,UPDATE,Sales,SECURITY_EXECUTE,Denied
user21@atko.email,U0029,2025-12-01T23:05:51Z,LOGIN,Employee,GENERAL_USER,Permitted
user42@atko.email,U0050,2025-04-14T23:05:51Z,WRITE,Admin,AUDIT_READ,Permitted
user12@atko.email,U0020,2025-01-08T23:05:51Z,LOGOUT,Employee,IT_MAINTAIN,Denied
creep.user@atko.email,U9999,2025-08-28T23:05:51Z,EXECUTE,Admin,IT_MAINTAIN,Denied
user37@atko.email,U0045,2025-07-14T23:05:51Z,WRITE,Finance,FIN_VENDOR_CREATOR,Denied
john.doe@atko.email,U0002,2025-03-05T23:05:51Z,APPROVE,Finance,AUDIT_READ,Permitted
user48@atko.email,U0056,2025-11-26T23:05:51Z,LOGIN,Auditor,SALES_VIEW,Denied
max@atko.email,U0007,2025-11-09T23:05:51Z,APPROVE,HR,SALES_VIEW,Permitted
user40@atko.email,U0048,2025-07-24T23:05:51Z,CHECK_PERMS,Viewer,FIN_PROCESS_APPR,Denied
harms.rosa@atko.email,U0003,2025-03-06T23:05:51Z,READ,Sales,SECURITY_EXECUTE,Permitted
user32@atko.email,U0040,2025-07-26T23:05:51Z,EXECUTE,IT_Ops,FIN_VENDOR_CREATOR,Permitted
samantha.driver@atko.email,U0004,2024-12-26T23:05:51Z,DELETE,Security,SALES_VIEW,Permitted
user39@atko.email,U0047,2024-12-14T23:05:51Z,DELETE,Admin,FIN_PROCESS_APPR,Permitted
user22@atko.email,U0030,2025-03-12T23:05:51Z,DELETE,Payment Processor,GENERAL_USER,Permitted
creep.user@atko.email,U9999,2025-10-30T23:05:51Z,EXECUTE,Sales,IT_MAINTAIN,Denied
user5@atko.email,U0013,01/07/2025,UPDATE,Security,FIN_PROCESS_APPR,Denied
user8@atko.email,U0016,2024-12-23T23:05:51Z,CHECK_PERMS,HR,SYSTEM_ADMIN_ALL,Permitted
ivan@atko.email,U0006,2025-11-23T23:05:51Z,LOGIN,IT_Ops,GENERAL_USER,Denied
user13@atko.email,U0021,2025-02-15T23:05:51Z,APPROVE,Viewer,HR_VIEW,Permitted
user35@atko.email,U0043,2024-12-29T23:05:51Z,UPDATE,IT_Ops,SECURITY_EXECUTE,Denied
user45@atko.email,U0053,2025-01-12T23:05:51Z,LOGOUT,Admin,FINANCE_EDIT,Permitted
user5@atko.email,U0013,2025-10-22T23:05:51Z,READ,IT_Ops,GENERAL_USER,Denied
user2@atko.email,U0010,2025-04-26T23:05:51Z,EXECUTE,Admin,SECURITY_EXECUTE,Denied
user4@atko.email,U0012,2024-12-20T23:05:51Z,UPDATE,Finance,GENERAL_USER,Permitted
user2@atko.email,U0010,2025-01-10T23:05:51Z,DELETE,Security,FINANCE_EDIT,Denied
user6@atko.email,U0014,2025-11-11T23:05:51Z,EXECUTE,Security,FIN_PROCESS_APPR,Permitted
user46@atko.email,U0054,2025-05-17T23:05:51Z,LOGOUT,Auditor,SALES_VIEW,Denied
user0@atko.email,U0008,2024-12-21T23:05:51Z,READ,Admin,FIN_VENDOR_CREATOR,Denied
user38@atko.email,U0046,10/13/2025,UPDATE,HR,AUDIT_READ,Denied
user37@atko.email,U0045,2025-02-25T23:05:51Z,DELETE,Payment Processor,READ_ONLY,Permitted
kobe.doe@atko.email,U0005,2025-03-02T23:05:51Z,DELETE,Sales,SECURITY_EXECUTE,Permitted
user11@atko.email,U0019,2025-07-09T23:05:51Z,LOGIN,Sales,SALES_VIEW,Denied
user30@atko.email,U0038,2025-07-20T23:05:51Z,READ,Viewer,IT_MAINTAIN,Permitted
user18@atko.email,U0026,2025-01-08T23:05:51Z,CHECK_PERMS,Employee,READ_ONLY,Permitted
user3@atko.email,U0011,2025-07-10T23:05:51Z,LOGIN,IT_Ops,FIN_VENDOR_CREATOR,Denied
creep.user@atko.email,U9999,2025-04-26T23:05:51Z,UPDATE,Payment Processor,SYSTEM_ADMIN_ALL,Permitted
user39@atko.email,U0047,2025-05-17T23:05:51Z,DELETE,Viewer,FINANCE_EDIT,Permitted
ivan@atko.email,U0006,08/15/2025,LOGIN,Finance,SECURITY_EXECUTE,Denied
user29@atko.email,U0037,2025-11-18T23:05:51Z,CHECK_PERMS,Admin,GENERAL_USER,Denied
user28@atko.email,U0036,2025-11-29T23:05:51Z,LOGIN,HR,SALES_VIEW,Denied
user46@atko.email,U0054,01/27/2025,EXECUTE,Viewer,IT_MAINTAIN,Permitted
user0@atko.email,U0008,2025-03-06T23:05:51Z,LOGOUT,Viewer,SECURITY_EXECUTE,Permitted
harms.rosa@atko.email,U0003,2025-09-25T23:05:51Z,LOGIN,Auditor,READ_ONLY,Permitted
user28@atko.email,U0036,11/24/2025,DELETE,Employee,READ_ONLY,Denied
user5@atko.email,U0013,2025-09-27T23:05:51Z,CREATE NEW VENDOR,IT_Ops,IT_MAINTAIN,Permitted
user1@atko.email,U0009,2025-06-04T23:05:51Z,LOGOUT,Sales,FIN_PROCESS_APPR,Denied
user42@atko.email,U0050,2025-01-05T23:05:51Z,LOGOUT,Finance,SYSTEM_ADMIN_ALL,Denied
user39@atko.email,U0047,2025-11-21T23:05:51Z,LOGIN,Auditor,HR_VIEW,Denied
user38@atko.email,U0046,06/07/2025,WRITE,Employee,FIN_VENDOR_CREATOR,Denied
user38@atko.email,U0046,2025-06-08T23:05:51Z,WRITE,Security,SALES_VIEW,Denied
user43@atko.email,U0051,2025-06-22T23:05:51Z,APPROVE,HR,SECURITY_EXECUTE,Permitted
user2@atko.email,U0010,2025-02-27T23:05:51Z,UPDATE,Finance,SALES_VIEW,Permitted
creep.user@atko.email,U9999,2025-08-09T23:05:51Z,CREATE NEW VENDOR,IT_Ops,IT_MAINTAIN,Denied
user40@atko.email,U0048,2025-03-25T23:05:51Z,APPROVE,Payment Processor,SECURITY_EXECUTE,Permitted
kobe.doe@atko.email,U0005,2025-07-21T23:05:51Z,READ,Viewer,SECURITY_EXECUTE,Permitted
user0@atko.email,U0008,2025-10-10T23:05:51Z,CHECK_PERMS,IT_Ops,AUDIT_READ,Permitted
user36@atko.email,U0044,08/16/2025,WRITE,Auditor,SYSTEM_ADMIN_ALL,Denied
user12@atko.email,U0020,2024-12-26T23:05:51Z,LOGIN,Finance,FIN_PROCESS_APPR,Permitted
user14@atko.email,USER_A,2025-04-21T23:05:51Z,LOGIN,Admin,FIN_VENDOR_CREATOR,Permitted
harms.rosa@atko.email,U0003,2025-01-10T23:05:51Z,APPROVE,Finance,SALES_VIEW,Permitted
user8@atko.email,U0016,2025-06-28T23:05:51Z,READ,HR,IT_MAINTAIN,Denied
user35@atko.email,U0043,2025-06-24T23:05:51Z,WRITE,HR,IT_MAINTAIN,Denied
user8@atko.email,U0016,2025-02-10T23:05:51Z,READ,IT_Ops,AUDIT_READ,Permitted
user42@atko.email,U0050,2025-02-13T23:05:51Z,CREATE NEW VENDOR,HR,AUDIT_READ,Denied
user18@atko.email,U0026,2025-09-26T23:05:51Z,CREATE NEW VENDOR,Employee,READ_ONLY,Denied
user23@atko.email,U0031,2025-05-19T23:05:51Z,CHECK_PERMS,Auditor,FIN_PROCESS_APPR,Denied
user32@atko.email,U0040,2025-05-16T23:05:51Z,DELETE,HR,HR_VIEW,Denied
user5@atko.email,U0013,2025-04-30T23:05:51Z,WRITE,Payment Processor,SECURITY_EXECUTE,Denied
user39@atko.email,U0047,2024-12-31T23:05:51Z,READ,Employee,IT_MAINTAIN,Permitted
user3@atko.email,U0011,2025-04-08T23:05:51Z,CREATE NEW VENDOR,Employee,GENERAL_USER,Permitted
user19@atko.email,U0027,2025-03-12T23:05:51Z,UPDATE,Payment Processor,HR_VIEW,Permitted
user9@atko.email,U0017,2025-09-25T23:05:51Z,LOGOUT,Security,SALES_VIEW,Permitted
user28@atko.email,U0036,2024-12-12T23:05:51Z,UPDATE,Security,IT_MAINTAIN,Permitted
max@atko.email,U0007,11/12/2025,EXECUTE,HR,FIN_VENDOR_CREATOR,Permitted
user4@atko.email,U0012,2025-09-07T23:05:51Z,EXECUTE,Payment Processor,FIN_PROCESS_APPR,Permitted
user24@atko.email,U0032,2025-07-29T23:05:51Z,LOGIN,Admin,READ_ONLY,Permitted
user33@atko.email,U0041,2025-04-16T23:05:51Z,CREATE NEW VENDOR,Sales,IT_MAINTAIN,Denied
user41@atko.email,U0049,2025-06-01T23:05:51Z,EXECUTE,Finance,GENERAL_USER,Permitted
user31@atko.email,U0039,2025-04-22T23:05:51Z,WRITE,Viewer,HR_VIEW,Denied
max@atko.email,U0007,03/27/2025,LOGOUT,Finance,SYSTEM_ADMIN_ALL,Denied
user8@atko.email,U0016,2025-01-01T23:05:51Z,APPROVE,Employee,SECURITY_EXECUTE,Denied
max@atko.email,U0007,2025-10-29T23:05:51Z,DELETE,Sales,FIN_PROCESS_APPR,Permitted
ashwin.ramnarayanan@okta.com,U0001,2025-12-05T23:05:51Z,DELETE,HR,IT_MAINTAIN,Denied
user1@atko.email,U0009,2025-05-12T23:05:51Z,READ,HR,READ_ONLY,Permitted
user10@atko.email,U0018,2025-10-17T23:05:51Z,LOGOUT,HR,FINANCE_EDIT,Denied
user46@atko.email,U0054,2025-01-12T23:05:51Z,UPDATE,Employee,FINANCE_EDIT,Denied
user47@atko.email,U0055,2024-12-28T23:05:51Z,CREATE NEW VENDOR,Payment Processor,FINANCE_EDIT,Permitted
max@atko.email,U0007,2024-12-20T23:05:51Z,CHECK_PERMS,Viewer,FINANCE_EDIT,Denied
user31@atko.email,U0039,2025-02-20T23:05:51Z,CREATE NEW VENDOR,Employee,SYSTEM_ADMIN_ALL,Denied
harms.rosa@atko.email,U0003,2025-03-22T23:05:51Z,LOGIN,Admin,SALES_VIEW,Permitted
user11@atko.email,U0019,2025-08-12T23:05:51Z,LOGIN,Viewer,FIN_VENDOR_CREATOR,Denied
user9@atko.email,U0017,2025-10-25T23:05:51Z,APPROVE,Finance,IT_MAINTAIN,Denied
user43@atko.email,U0051,2025-07-14T23:05:51Z,DELETE,Employee,IT_MAINTAIN,Denied
user12@atko.email,U0020,2025-03-12T23:05:51Z,EXECUTE,Auditor,READ_ONLY,Permitted
ivan@atko.email,U0006,2025-10-07T23:05:51Z,WRITE,Sales,FIN_VENDOR_CREATOR,Permitted
user19@atko.email,U0027,2025-04-19T23:05:51Z,WRITE,Security,AUDIT_READ,Permitted
user30@atko.email,U0038,2025-04-24T23:05:51Z,UPDATE,Finance,FIN_VENDOR_CREATOR,Denied
user47@atko.email,U0055,2025-10-29T23:05:51Z,WRITE,IT_Ops,FIN_VENDOR_CREATOR,Denied
user42@atko.email,U0050,2025-11-14T23:05:51Z,CHECK_PERMS,Security,FIN_VENDOR_CREATOR,Denied
user38@atko.email,U0046,2025-08-08T23:05:51Z,READ,Employee,FIN_VENDOR_CREATOR,Denied
user39@atko.email,U0047,2025-10-29T23:05:51Z,CREATE NEW VENDOR,Admin,FIN_PROCESS_APPR,Denied
user28@atko.email,U0036,12/26/2024,LOGOUT,Sales,FIN_VENDOR_CREATOR,Permitted
ivan@atko.email,U0006,2025-02-14T23:05:51Z,APPROVE,Auditor,SECURITY_EXECUTE,Denied
user46@atko.email,U0054,2025-01-20T23:05:51Z,LOGOUT,HR,AUDIT_READ,Permitted
harms.rosa@atko.email,U0003,2025-09-02T23:05:51Z,UPDATE,Viewer,FIN_PROCESS_APPR,Permitted
user1@atko.email,U0009,2025-04-25T23:05:51Z,CREATE NEW VENDOR,IT_Ops,SYSTEM_ADMIN_ALL,Denied
user4@atko.email,U0012,2025-02-25T23:05:51Z,LOGOUT,Sales,SALES_VIEW,Denied
user46@atko.email,U0054,2025-11-30T23:05:51Z,DELETE,Sales,READ_ONLY,Permitted
user8@atko.email,U0016,2025-05-21T23:05:51Z,LOGIN,Sales,SALES_VIEW,Denied
user1@atko.email,U0009,2025-08-28T23:05:51Z,WRITE,Auditor,FINANCE_EDIT,Denied
creep.user@atko.email,U9999,2025-01-28T23:05:51Z,WRITE,Auditor,FIN_VENDOR_CREATOR,Denied
user6@atko.email,U0014,2025-02-28T23:05:51Z,DELETE,Admin,IT_MAINTAIN,Denied
user46@atko.email,U0054,2025-08-15T23:05:51Z,CREATE NEW VENDOR,Employee,FINANCE_EDIT,Permitted
john.doe@atko.email,U0002,2025-09-16T23:05:51Z,LOGOUT,Finance,FIN_VENDOR_CREATOR,Permitted
user40@atko.email,U0048,2025-02-09T23:05:51Z,CREATE NEW VENDOR,Viewer,AUDIT_READ,Denied
user13@atko.email,U0021,2024-12-29T23:05:51Z,CREATE NEW VENDOR,HR,FIN_PROCESS_APPR,Permitted
user2@atko.email,U0010,07/31/2025,UPDATE,Sales,SYSTEM_ADMIN_ALL,Permitted
user21@atko.email,U0029,2025-06-13T23:05:51Z,EXECUTE,HR,HR_VIEW,Permitted
user11@atko.email,USER_A,2025-11-20T23:05:51Z,READ,Security,SALES_VIEW,Permitted
user46@atko.email,U0054,2025-08-09T23:05:51Z,LOGOUT,Employee,FIN_VENDOR_CREATOR,Permitted
user27@atko.email,U0035,2024-12-12T23:05:51Z,LOGOUT,Auditor,AUDIT_READ,Denied
user27@atko.email,U0035,07/27/2025,CREATE NEW VENDOR,Auditor,HR_VIEW,Permitted
user7@atko.email,U0015,06/09/2025,READ,IT_Ops,READ_ONLY,Denied
user17@atko.email,U0025,2025-07-31T23:05:51Z,LOGOUT,Employee,FINANCE_EDIT,Denied
user31@atko.email,U0039,2025-01-27T23:05:51Z,WRITE,HR,GENERAL_USER,Denied
ivan@atko.email,U0006,2025-04-04T23:05:51Z,WRITE,Sales,AUDIT_READ,Denied
user28@atko.email,U0036,2025-06-13T23:05:51Z,LOGOUT,Employee,SYSTEM_ADMIN_ALL,Permitted
john.doe@atko.email,U0002,2025-08-17T23:05:51Z,CREATE NEW VENDOR,IT_Ops,SECURITY_EXECUTE,Denied
user47@atko.email,U0055,2025-11-01T23:05:51Z,WRITE,Auditor,AUDIT_READ,Denied
user15@atko.email,U0023,2025-05-21T23:05:51Z,APPROVE,Security,FINANCE_EDIT,Denied
user45@atko.email,U0053,2024-12-18T23:05:51Z,EXECUTE,Auditor,GENERAL_USER,Denied
john.doe@atko.email,U0002,2025-10-03T23:05:51Z,UPDATE,Finance,SYSTEM_ADMIN_ALL,Permitted
user40@atko.email,U0048,2025-04-14T23:05:51Z,CHECK_PERMS,HR,FINANCE_EDIT,Permitted
user46@atko.email,U0054,07/23/2025,UPDATE,Employee,FIN_PROCESS_APPR,Permitted
user18@atko.email,U0026,2025-09-26T23:05:51Z,APPROVE,Security,FINANCE_EDIT,Denied
user9@atko.email,U0017,2025-02-27T23:05:51Z,UPDATE,HR,FINANCE_EDIT,Permitted
user19@atko.email,U0027,2025-06-28T23:05:51Z,EXECUTE,Payment Processor,READ_ONLY,Permitted
user22@atko.email,U0030,2025-07-08T23:05:51Z,READ,Security,AUDIT_READ,Permitted
user29@atko.email,U0037,2025-05-31T23:05:51Z,LOGOUT,Employee,GENERAL_USER,Denied
creep.user@atko.email,U9999,2025-04-14T23:05:51Z,CHECK_PERMS,Payment Processor,IT_MAINTAIN,Permitted
user24@atko.email,U0032,2025-06-19T23:05:51Z,CHECK_PERMS,Admin,SYSTEM_ADMIN_ALL,Permitted
user49@atko.email,U0057,2025-03-20T23:05:51Z,UPDATE,Employee,GENERAL_USER,Permitted
user40@atko.email,U0048,2025-04-23T23:05:51Z,APPROVE,Sales,AUDIT_READ,Denied
user18@atko.email,U0026,2025-08-10T23:05:51Z,LOGOUT,Admin,GENERAL_USER,Permitted
user2@atko.email,U0010,2025-07-25T23:05:51Z,LOGIN,Sales,IT_MAINTAIN,Denied
user19@atko.email,U0027,2025-04-25T23:05:51Z,READ,HR,AUDIT_READ,Permitted
user25@atko.email,U0033,2025-09-10T23:05:51Z,DELETE,Admin,FIN_PROCESS_APPR,Denied
user37@atko.email,U0045,2025-04-01T23:05:51Z,CREATE NEW VENDOR,Auditor,FINANCE_EDIT,Denied
user5@atko.email,U0013,2025-10-15T23:05:51Z,UPDATE,Admin,SALES_VIEW,Denied
user30@atko.email,U0038,2025-09-26T23:05:51Z,READ,Finance,IT_MAINTAIN,Permitted
user26@atko.email,U0034,2025-09-20T23:05:51Z,LOGIN,IT_Ops,GENERAL_USER,Permitted
user0@atko.email,U0008,2025-08-10T23:05:51Z,APPROVE,Viewer,FIN_PROCESS_APPR,Denied
user28@atko.email,U0036,2025-03-30T23:05:51Z,READ,Employee,AUDIT_READ,Permitted
user43@atko.email,U0051,2025-05-24T23:05:51Z,EXECUTE,HR,SALES_VIEW,Denied
user9@atko.email,U0017,2025-07-14T23:05:51Z,WRITE,Finance,FINANCE_EDIT,Permitted
user22@atko.email,U0030,2025-01-24T23:05:51Z,CREATE NEW VENDOR,Employee,SYSTEM_ADMIN_ALL,Denied
ivan@atko.email,U0006,2025-10-01T23:05:51Z,EXECUTE,Viewer,SALES_VIEW,Denied
user6@atko.email,U0014,2025-01-01T23:05:51Z,CHECK_PERMS,Sales,IT_MAINTAIN,Permitted
user40@atko.email,U0048,2025-02-11T23:05:51Z,UPDATE,Admin,AUDIT_READ,Permitted
user24@atko.email,U0032,2025-09-13T23:05:51Z,APPROVE,Employee,FIN_PROCESS_APPR,Permitted
user41@atko.email,USER_A,2025-04-04T23:05:51Z,LOGIN,Auditor,SECURITY_EXECUTE,Permitted
user9@atko.email,U0017,2025-07-09T23:05:51Z,WRITE,Finance,FIN_VENDOR_CREATOR,Permitted
user38@atko.email,U0046,2025-10-08T23:05:51Z,DELETE,Sales,SYSTEM_ADMIN_ALL,Permitted
user41@atko.email,U0049,2025-10-15T23:05:51Z,LOGOUT,Finance,SALES_VIEW,Denied
harms.rosa@atko.email,U0003,2025-02-14T23:05:51Z,LOGIN,Employee,FINANCE_EDIT,Denied
user35@atko.email,USER_A,2025-03-11T23:05:51Z,LOGOUT,IT_Ops,FIN_PROCESS_APPR,Denied
ivan@atko.email,U0006,10/08/2025,CREATE NEW VENDOR,Auditor,SECURITY_EXECUTE,Permitted
max@atko.email,U0007,2025-07-06T23:05:51Z,LOGOUT,HR,SYSTEM_ADMIN_ALL,Permitted
user35@atko.email,USER_A,2025-12-04T23:05:51Z,EXECUTE,Admin,SALES_VIEW,Permitted
user9@atko.email,U0017,11/16/2025,EXECUTE,Payment Processor,SALES_VIEW,Denied
user36@atko.email,U0044,2025-05-17T23:05:51Z,CHECK_PERMS,HR,GENERAL_USER,Permitted
user25@atko.email,U0033,2025-02-04T23:05:51Z,APPROVE,Viewer,SYSTEM_ADMIN_ALL,Permitted
user19@atko.email,U0027,2025-02-22T23:05:51Z,DELETE,Sales,SYSTEM_ADMIN_ALL,Permitted
user14@atko.email,U0022,2025-06-05T23:05:51Z,LOGOUT,Payment Processor,IT_MAINTAIN,Permitted
user11@atko.email,U0019,04/23/2025,UPDATE,Admin,FIN_VENDOR_CREATOR,Permitted
user6@atko.email,U0014,2025-05-17T23:05:51Z,LOGOUT,Security,READ_ONLY,Permitted
user49@atko.email,U0057,2025-10-20T23:05:51Z,CHECK_PERMS,Admin,READ_ONLY,Denied
ashwin.ramnarayanan@okta.com,U0001,2025-07-16T23:05:51Z,DELETE,Payment Processor,FINANCE_EDIT,Permitted
user23@atko.email,U0031,2025-01-04T23:05:51Z,CHECK_PERMS,Viewer,READ_ONLY,Denied
user24@atko.email,U0032,2025-02-16T23:05:51Z,EXECUTE,Admin,SALES_VIEW,Denied
max@atko.email,U0007,2025-10-29T23:05:51Z,APPROVE,HR,AUDIT_READ,Permitted
user19@atko.email,U0027,2024-12-14T23:05:51Z,CREATE NEW VENDOR,Employee,SYSTEM_ADMIN_ALL,Permitted
kobe.doe@atko.email,USER_A,2025-07-14T23:05:51Z,EXECUTE,Payment Processor,GENERAL_USER,Permitted
user23@atko.email,U0031,11/27/2025,LOGOUT,Security,GENERAL_USER,Permitted
ashwin.ramnarayanan@okta.com,U0001,02/26/2025,LOGOUT,Employee,SALES_VIEW,Denied
john.doe@atko.email,U0002,2025-05-02T23:05:51Z,EXECUTE,HR,READ_ONLY,Denied
user30@atko.email,U0038,2025-02-20T23:05:51Z,WRITE,IT_Ops,FIN_VENDOR_CREATOR,Denied
user29@atko.email,U0037,2025-08-18T23:05:51Z,READ,HR,GENERAL_USER,Permitted
user25@atko.email,U0033,2025-11-30T23:05:51Z,EXECUTE,HR,GENERAL_USER,Denied
harms.rosa@atko.email,U0003,2025-07-07T23:05:51Z,WRITE,Payment Processor,FINANCE_EDIT,Permitted
max@atko.email,U0007,2025-02-01T23:05:51Z,CHECK_PERMS,Employee,SECURITY_EXECUTE,Denied
user38@atko.email,U0046,2025-11-19T23:05:51Z,APPROVE,Auditor,SALES_VIEW,Permitted
user40@atko.email,U0048,2025-06-07T23:05:51Z,UPDATE,Employee,HR_VIEW,Permitted
user49@atko.email,U0057,2025-02-14T23:05:51Z,EXECUTE,Admin,SYSTEM_ADMIN_ALL,Denied
user40@atko.email,U0048,2025-03-14T23:05:51Z,DELETE,Sales,HR_VIEW,Permitted
user1@atko.email,U0009,06/07/2025,READ,Finance,IT_MAINTAIN,Denied
user12@atko.email,U0020,2025-10-03T23:05:51Z,CREATE NEW VENDOR,Admin,GENERAL_USER,Permitted
user36@atko.email,U0044,2025-12-04T23:05:51Z,WRITE,Employee,SALES_VIEW,Denied
user40@atko.email,U0048,07/09/2025,READ,Viewer,HR_VIEW,Permitted
user7@atko.email,U0015,2025-10-28T23:05:51Z,DELETE,Employee,IT_MAINTAIN,Permitted
user12@atko.email,U0020,2025-03-07T23:05:51Z,UPDATE,HR,FINANCE_EDIT,Permitted
user19@atko.email,U0027,2025-01-15T23:05:51Z,CREATE NEW VENDOR,Payment Processor,HR_VIEW,Denied
user6@atko.email,U0014,2025-07-10T23:05:51Z,LOGIN,Employee,GENERAL_USER,Denied
john.doe@atko.email,U0002,01/05/2025,WRITE,Finance,FIN_VENDOR_CREATOR,Denied
ivan@atko.email,U0006,2025-07-29T23:05:51Z,DELETE,Employee,SECURITY_EXECUTE,Denied
user26@atko.email,U0034,2025-01-26T23:05:51Z,DELETE,Auditor,GENERAL_USER,Denied
user16@atko.email,U0024,09/27/2025,CREATE NEW VENDOR,Viewer,SALES_VIEW,Permitted
user49@atko.email,U0057,2025-05-05T23:05:51Z,LOGOUT,Auditor,AUDIT_READ,Permitted
user31@atko.email,U0039,2025-11-08T23:05:51Z,CREATE NEW VENDOR,Finance,SECURITY_EXECUTE,Permitted
user39@atko.email,U0047,2025-11-03T23:05:51Z,LOGIN,Payment Processor,HR_VIEW,Permitted
user9@atko.email,U0017,2025-06-28T23:05:51Z,CREATE NEW VENDOR,Payment Processor,FIN_PROCESS_APPR,Denied
kobe.doe@atko.email,U0005,2025-02-12T23:05:51Z,WRITE,Admin,READ_ONLY,Permitted
max@atko.email,U0007,2025-01-23T23:05:51Z,EXECUTE,IT_Ops,AUDIT_READ,Permitted
user31@atko.email,U0039,2025-05-18T23:05:51Z,DELETE,Admin,SYSTEM_ADMIN_ALL,Permitted
user12@atko.email,U0020,2025-07-11T23:05:51Z,READ,Admin,FIN_PROCESS_APPR,Denied
user1@atko.email,U0009,2025-11-30T23:05:51Z,DELETE,Finance,HR_VIEW,Permitted
user24@atko.email,U0032,2024-12-31T23:05:51Z,UPDATE,Finance,GENERAL_USER,Denied
ashwin.ramnarayanan@okta.com,U0001,2025-03-18T23:05:51Z,LOGIN,Viewer,IT_MAINTAIN,Denied
user24@atko.email,U0032,2025-02-18T23:05:51Z,WRITE,Auditor,IT_MAINTAIN,Permitted
user34@atko.email,U0042,2025-07-08T23:05:51Z,LOGOUT,Auditor,READ_ONLY,Denied
user4@atko.email,U0012,2025-01-09T23:05:51Z,DELETE,Sales,AUDIT_READ,Permitted
user2@atko.email,U0010,2025-09-12T23:05:51Z,READ,Payment Processor,GENERAL_USER,Permitted
user38@atko.email,U0046,2024-12-28T23:05:51Z,CREATE NEW VENDOR,Finance,SALES_VIEW,Denied
creep.user@atko.email,U9999,2025-06-14T23:05:51Z,UPDATE,Payment Processor,SALES_VIEW,Denied
ashwin.ramnarayanan@okta.com,U0001,2025-10-14T23:05:51Z,DELETE,Auditor,AUDIT_READ,Denied
user36@atko.email,U0044,2025-03-23T23:05:51Z,UPDATE,Payment Processor,IT_MAINTAIN,Permitted
user34@atko.email,U0042,2025-04-17T23:05:51Z,WRITE,Auditor,READ_ONLY,Denied
user18@atko.email,U0026,2025-09-15T23:05:51Z,CREATE NEW VENDOR,Security,SECURITY_EXECUTE,Permitted
user28@atko.email,U0036,2025-08-09T23:05:51Z,WRITE,Employee,SALES_VIEW,Denied
user27@atko.email,U0035,2025-05-25T23:05:51Z,EXECUTE,Sales,HR_VIEW,Denied
user21@atko.email,U0029,2025-03-25T23:05:51Z,READ,Finance,AUDIT_READ,Denied
user36@atko.email,U0044,2025-08-03T23:05:51Z,READ,Sales,HR_VIEW,Denied
user10@atko.email,U0018,2025-07-11T23:05:51Z,DELETE,HR,FIN_VENDOR_CREATOR,Denied
user10@atko.email,U0018,2025-07-19T23:05:51Z,LOGIN,Employee,AUDIT_READ,Denied
user12@atko.email,U0020,2025-07-19T23:05:51Z,LOGOUT,HR,GENERAL_USER,Permitted
user6@atko.email,U0014,11/23/2025,CHECK_PERMS,Viewer,SYSTEM_ADMIN_ALL,Permitted
user48@atko.email,U0056,2025-08-21T23:05:51Z,DELETE,HR,IT_MAINTAIN,Permitted
user0@atko.email,U0008,2025-08-26T23:05:51Z,LOGOUT,Employee,SECURITY_EXECUTE,Denied
user16@atko.email,U0024,2025-03-25T23:05:51Z,CHECK_PERMS,IT_Ops,FINANCE_EDIT,Permitted
user36@atko.email,U0044,2025-01-01T23:05:51Z,READ,Auditor,READ_ONLY,Denied
user10@atko.email,U0018,02/03/2025,UPDATE,HR,AUDIT_READ,Permitted
user3@atko.email,U0011,2025-09-02T23:05:51Z,APPROVE,Sales,GENERAL_USER,Denied
user43@atko.email,U0051,2025-08-05T23:05:51Z,APPROVE,Viewer,SECURITY_EXECUTE,Denied
kobe.doe@atko.email,U0005,01/13/2025,LOGOUT,Auditor,READ_ONLY,Denied
user9@atko.email,U0017,2025-10-19T23:05:51Z,LOGIN,Sales,GENERAL_USER,Denied
user37@atko.email,U0045,2025-01-18T23:05:51Z,READ,Finance,SECURITY_EXECUTE,Denied
user33@atko.email,U0041,2025-04-18T23:05:51Z,UPDATE,Finance,AUDIT_READ,Denied
user6@atko.email,USER_A,2025-10-05T23:05:51Z,LOGIN,Sales,SECURITY_EXECUTE,Permitted
user44@atko.email,U0052,2025-05-19T23:05:51Z,LOGIN,Viewer,SALES_VIEW,Denied
user19@atko.email,U0027,2025-04-15T23:05:51Z,LOGOUT,IT_Ops,READ_ONLY,Permitted
user0@atko.email,U0008,2025-04-12T23:05:51Z,APPROVE,Sales,AUDIT_READ,Permitted
user1@atko.email,U0009,2025-09-07T23:05:51Z,UPDATE,Security,FINANCE_EDIT,Denied
john.doe@atko.email,U0002,2025-10-02T23:05:51Z,APPROVE,Finance,AUDIT_READ,Denied
user3@atko.email,U0011,2025-07-12T23:05:51Z,EXECUTE,Auditor,FIN_VENDOR_CREATOR,Denied
user0@atko.email,U0008,2025-07-28T23:05:51Z,EXECUTE,HR,SECURITY_EXECUTE,Denied
user40@atko.email,USER_A,2025-01-16T23:05:51Z,LOGOUT,Payment Processor,IT_MAINTAIN,Denied
user9@atko.email,USER_A,2025-06-15T23:05:51Z,LOGIN,Employee,FIN_PROCESS_APPR,Permitted
ivan@atko.email,U0006,2025-11-03T23:05:51Z,LOGIN,Finance,FINANCE_EDIT,Denied
ivan@atko.email,U0006,2024-12-29T23:05:51Z,LOGIN,Auditor,GENERAL_USER,Denied
user7@atko.email,U0015,2025-04-27T23:05:51Z,CHECK_PERMS,Auditor,FIN_PROCESS_APPR,Denied
user9@atko.email,U0017,2025-05-26T23:05:51Z,WRITE,HR,SALES_VIEW,Permitted
user13@atko.email,U0021,2025-05-14T23:05:51Z,WRITE,Employee,SECURITY_EXECUTE,Permitted
user21@atko.email,U0029,2025-04-13T23:05:51Z,EXECUTE,IT_Ops,AUDIT_READ,Permitted
user14@atko.email,U0022,2025-08-27T23:05:51Z,LOGIN,Auditor,SALES_VIEW,Permitted
user46@atko.email,U0054,2025-01-24T23:05:51Z,DELETE,Sales,SALES_VIEW,Denied
user31@atko.email,U0039,2025-07-15T23:05:51Z,APPROVE,Security,SECURITY_EXECUTE,Permitted
john.doe@atko.email,U0002,2025-04-03T23:05:51Z,LOGOUT,Auditor,FIN_PROCESS_APPR,Permitted
user16@atko.email,U0024,2024-12-31T23:05:51Z,DELETE,HR,FIN_VENDOR_CREATOR,Denied
user6@atko.email,U0014,2025-02-07T23:05:51Z,LOGIN,Employee,FIN_PROCESS_APPR,Denied
user35@atko.email,U0043,2024-12-09T23:05:51Z,DELETE,Finance,HR_VIEW,Denied
user11@atko.email,U0019,2025-09-04T23:05:51Z,WRITE,Auditor,FIN_VENDOR_CREATOR,Permitted
user33@atko.email,U0041,2025-11-12T23:05:51Z,UPDATE,Auditor,HR_VIEW,Denied
user42@atko.email,U0050,2025-01-30T23:05:51Z,LOGIN,Sales,HR_VIEW,Permitted
kobe.doe@atko.email,U0005,2025-05-10T23:05:51Z,READ,Admin,FINANCE_EDIT,Denied
user48@atko.email,U0056,2025-08-19T23:05:51Z,APPROVE,Auditor,IT_MAINTAIN,Denied
user1@atko.email,U0009,2025-05-09T23:05:51Z,LOGIN,IT_Ops,FIN_PROCESS_APPR,Denied
ashwin.ramnarayanan@okta.com,U0001,2025-01-19T23:05:51Z,UPDATE,Payment Processor,SYSTEM_ADMIN_ALL,Denied
samantha.driver@atko.email,U0004,2025-04-01T23:05:51Z,READ,Security,AUDIT_READ,Denied
user14@atko.email,U0022,2025-09-03T23:05:51Z,LOGOUT,Admin,SECURITY_EXECUTE,Permitted
user3@atko.email,U0011,2025-08-10T23:05:51Z,LOGOUT,Auditor,FINANCE_EDIT,Permitted
user8@atko.email,U0016,2025-12-03T23:05:51Z,APPROVE,Admin,FIN_VENDOR_CREATOR,Denied
max@atko.email,U0007,2025-01-03T23:05:51Z,EXECUTE,Security,FINANCE_EDIT,Denied
user43@atko.email,U0051,2025-06-22T23:05:51Z,EXECUTE,Admin,SYSTEM_ADMIN_ALL,Denied
user1@atko.email,U0009,2024-12-08T23:05:51Z,CHECK_PERMS,Admin,HR_VIEW,Permitted
harms.rosa@atko.email,U0003,08/14/2025,DELETE,IT_Ops,FIN_PROCESS_APPR,Denied
user46@atko.email,USER_A,2025-04-07T23:05:51Z,LOGOUT,Admin,GENERAL_USER,Denied
user26@atko.email,U0034,2025-02-25T23:05:51Z,UPDATE,Sales,AUDIT_READ,Permitted
user11@atko.email,U0019,2025-11-13T23:05:51Z,WRITE,Finance,IT_MAINTAIN,Denied
user32@atko.email,U0040,2025-06-24T23:05:51Z,CHECK_PERMS,Auditor,READ_ONLY,Denied
user44@atko.email,U0052,2025-01-31T23:05:51Z,LOGIN,Payment Processor,IT_MAINTAIN,Denied
user43@atko.email,U0051,04/01/2025,WRITE,Sales,AUDIT_READ,Denied
user43@atko.email,U0051,2025-06-16T23:05:51Z,CREATE NEW VENDOR,IT_Ops,AUDIT_READ,Permitted
user23@atko.email,U0031,04/05/2025,LOGIN,Admin,SECURITY_EXECUTE,Denied
user37@atko.email,U0045,2025-01-01T23:05:51Z,EXECUTE,Employee,HR_VIEW,Permitted
user49@atko.email,U0057,2025-11-14T23:05:51Z,LOGOUT,Finance,AUDIT_READ,Permitted
user27@atko.email,U0035,2025-03-18T23:05:51Z,CHECK_PERMS,Viewer,SYSTEM_ADMIN_ALL,Denied
harms.rosa@atko.email,USER_A,2025-10-24T23:05:51Z,DELETE,Payment Processor,SALES_VIEW,Denied
user15@atko.email,U0023,05/29/2025,CHECK_PERMS,Finance,FINANCE_EDIT,Denied
ivan@atko.email,U0006,2025-08-28T23:05:51Z,LOGOUT,Sales,AUDIT_READ,Permitted
user32@atko.email,USER_A,2025-05-29T23:05:51Z,UPDATE,Viewer,SALES_VIEW,Permitted
user23@atko.email,U0031,09/20/2025,EXECUTE,Finance,HR_VIEW,Permitted
user22@atko.email,U0030,04/14/2025,CHECK_PERMS,HR,GENERAL_USER,Permitted
user12@atko.email,U0020,2025-11-07T23:05:51Z,DELETE,Employee,FIN_VENDOR_CREATOR,Denied
user13@atko.email,U0021,2025-07-24T23:05:51Z,DELETE,Sales,FINANCE_EDIT,Permitted
user0@atko.email,USER_A,2025-10-04T23:05:51Z,LOGOUT,Finance,READ_ONLY,Permitted
user6@atko.email,U0014,2025-07-11T23:05:51Z,LOGOUT,Auditor,SALES_VIEW,Permitted
user20@atko.email,U0028,2025-08-03T23:05:51Z,READ,Sales,FIN_PROCESS_APPR,Denied
user20@atko.email,U0028,2025-10-19T23:05:51Z,APPROVE,Employee,SECURITY_EXECUTE,Denied
user14@atko.email,U0022,2025-10-02T23:05:51Z,LOGIN,Security,READ_ONLY,Denied
user33@atko.email,U0041,2025-02-06T23:05:51Z,LOGOUT,Auditor,SYSTEM_ADMIN_ALL,Permitted
user15@atko.email,U0023,2025-01-09T23:05:51Z,EXECUTE,Auditor,SECURITY_EXECUTE,Denied
user10@atko.email,U0018,2025-03-27T23:05:51Z,DELETE,Security,FIN_PROCESS_APPR,Denied
user47@atko.email,U0055,2025-12-04T23:05:51Z,CREATE NEW VENDOR,Finance,FIN_PROCESS_APPR,Permitted
kobe.doe@atko.email,U0005,2025-08-14T23:05:51Z,LOGOUT,HR,FINANCE_EDIT,Denied
user36@atko.email,U0044,01/16/2025,LOGOUT,Auditor,FIN_PROCESS_APPR,Permitted
samantha.driver@atko.email,U0004,2025-06-01T23:05:51Z,CREATE NEW VENDOR,Security,SECURITY_EXECUTE,Denied
user0@atko.email,U0008,2025-08-08T23:05:51Z,CREATE NEW VENDOR,Security,FIN_PROCESS_APPR,Denied
user49@atko.email,U0057,2025-01-18T23:05:51Z,UPDATE,Finance,SECURITY_EXECUTE,Permitted
user44@atko.email,U0052,2025-01-12T23:05:51Z,LOGIN,Security,FIN_PROCESS_APPR,Permitted
user2@atko.email,U0010,2025-03-09T23:05:51Z,DELETE,Sales,AUDIT_READ,Denied
user27@atko.email,U0035,2024-12-29T23:05:51Z,EXECUTE,Viewer,AUDIT_READ,Permitted
user41@atko.email,U0049,2025-07-31T23:05:51Z,DELETE,Security,FIN_VENDOR_CREATOR,Denied
user14@atko.email,U0022,2025-05-21T23:05:51Z,APPROVE,Sales,FIN_PROCESS_APPR,Denied
user26@atko.email,U0034,2025-01-20T23:05:51Z,LOGIN,Admin,SALES_VIEW,Denied
user1@atko.email,U0009,2025-11-19T23:05:51Z,LOGOUT,Sales,SYSTEM_ADMIN_ALL,Permitted
user2@atko.email,U0010,2025-01-02T23:05:51Z,LOGIN,Finance,READ_ONLY,Denied
samantha.driver@atko.email,U0004,2025-09-26T23:05:51Z,CREATE NEW VENDOR,Viewer,SECURITY_EXECUTE,Denied
user47@atko.email,U0055,2025-02-25T23:05:51Z,UPDATE,Employee,READ_ONLY,Denied
user21@atko.email,USER_A,10/30/2025,LOGOUT,Viewer,SECURITY_EXECUTE,Permitted
kobe.doe@atko.email,U0005,2025-02-22T23:05:51Z,APPROVE,HR,IT_MAINTAIN,Permitted
user23@atko.email,U0031,2025-09-23T23:05:51Z,READ,Sales,FIN_VENDOR_CREATOR,Denied
user11@atko.email,U0019,2025-08-18T23:05:51Z,APPROVE,Security,SALES_VIEW,Denied
user7@atko.email,U0015,2025-10-08T23:05:51Z,EXECUTE,IT_Ops,HR_VIEW,Denied
user9@atko.email,U0017,2025-10-02T23:05:51Z,LOGOUT,Viewer,HR_VIEW,Permitted
user31@atko.email,U0039,03/02/2025,LOGIN,Security,READ_ONLY,Permitted
user49@atko.email,U0057,2025-07-15T23:05:51Z,LOGIN,Viewer,AUDIT_READ,Denied
user5@atko.email,U0013,2025-01-07T23:05:51Z,DELETE,Sales,FIN_PROCESS_APPR,Permitted
user43@atko.email,U0051,2025-05-05T23:05:51Z,CREATE NEW VENDOR,IT_Ops,HR_VIEW,Permitted
user10@atko.email,U0018,11/06/2025,LOGIN,IT_Ops,FINANCE_EDIT,Denied
user22@atko.email,USER_A,10/15/2025,EXECUTE,Finance,FIN_VENDOR_CREATOR,Permitted
user14@atko.email,U0022,2025-02-01T23:05:51Z,LOGOUT,Payment Processor,GENERAL_USER,Denied
user3@atko.email,U0011,2025-09-21T23:05:51Z,APPROVE,Security,SALES_VIEW,Denied
user26@atko.email,U0034,10/05/2025,APPROVE,Viewer,SECURITY_EXECUTE,Permitted
user46@atko.email,U0054,2025-03-10T23:05:51Z,EXECUTE,Security,SYSTEM_ADMIN_ALL,Denied
user8@atko.email,U0016,2025-07-12T23:05:51Z,CREATE NEW VENDOR,Employee,GENERAL_USER,Denied
user13@atko.email,U0021,2024-12-31T23:05:51Z,DELETE,Viewer,FIN_VENDOR_CREATOR,Denied
user2@atko.email,U0010,03/22/2025,LOGOUT,HR,FIN_VENDOR_CREATOR,Permitted
harms.rosa@atko.email,U0003,2025-03-18T23:05:51Z,EXECUTE,Security,SECURITY_EXECUTE,Denied
kobe.doe@atko.email,U0005,2025-02-25T23:05:51Z,UPDATE,Payment Processor,FIN_PROCESS_APPR,Permitted
user18@atko.email,U0026,2024-12-17T23:05:51Z,DELETE,Employee,IT_MAINTAIN,Permitted
user3@atko.email,U0011,2025-06-24T23:05:51Z,APPROVE,Security,SALES_VIEW,Permitted
user39@atko.email,U0047,2025-10-19T23:05:51Z,LOGIN,Admin,SALES_VIEW,Permitted
user27@atko.email,U0035,2025-04-18T23:05:51Z,READ,Security,SYSTEM_ADMIN_ALL,Denied
user9@atko.email,U0017,11/14/2025,WRITE,Viewer,FIN_VENDOR_CREATOR,Permitted
user46@atko.email,U0054,2025-05-28T23:05:51Z,EXECUTE,Finance,FIN_VENDOR_CREATOR,Permitted
creep.user@atko.email,U9999,2025-10-24T23:05:51Z,CHECK_PERMS,HR,IT_MAINTAIN,Denied
user30@atko.email,U0038,2025-09-29T23:05:51Z,LOGIN,Auditor,AUDIT_READ,Denied
user43@atko.email,U0051,2025-11-07T23:05:51Z,APPROVE,IT_Ops,SYSTEM_ADMIN_ALL,Permitted
creep.user@atko.email,U9999,2025-09-24T23:05:51Z,UPDATE,Admin,READ_ONLY,Denied
user26@atko.email,U0034,2025-11-22T23:05:51Z,LOGIN,Sales,AUDIT_READ,Permitted
user35@atko.email,U0043,03/07/2025,CHECK_PERMS,Payment Processor,HR_VIEW,Permitted
user45@atko.email,U0053,2025-10-09T23:05:51Z,LOGIN,Employee,FIN_VENDOR_CREATOR,Permitted
user36@atko.email,U0044,2025-06-21T23:05:51Z,UPDATE,Payment Processor,SALES_VIEW,Denied
user39@atko.email,USER_A,2025-06-18T23:05:51Z,CHECK_PERMS,Employee,SYSTEM_ADMIN_ALL,Denied
user38@atko.email,U0046,2025-11-29T23:05:51Z,UPDATE,Sales,SECURITY_EXECUTE,Denied
user41@atko.email,U0049,01/10/2025,LOGIN,HR,READ_ONLY,Denied
user19@atko.email,U0027,01/14/2025,LOGOUT,HR,FINANCE_EDIT,Permitted
user30@atko.email,U0038,2025-02-17T23:05:51Z,EXECUTE,Security,FINANCE_EDIT,Denied
user17@atko.email,U0025,2025-02-10T23:05:51Z,APPROVE,Auditor,FIN_PROCESS_APPR,Denied
user44@atko.email,U0052,2025-12-06T23:05:51Z,EXECUTE,IT_Ops,GENERAL_USER,Permitted
samantha.driver@atko.email,USER_A,2025-03-15T23:05:51Z,LOGOUT,Sales,SYSTEM_ADMIN_ALL,Permitted
user33@atko.email,U0041,2025-07-03T23:05:51Z,READ,Security,HR_VIEW,Denied
ivan@atko.email,U0006,2025-11-06T23:05:51Z,READ,Admin,IT_MAINTAIN,Denied
ashwin.ramnarayanan@okta.com,U0001,05/08/2025,LOGOUT,IT_Ops,HR_VIEW,Permitted
user14@atko.email,U0022,2025-11-27T23:05:51Z,READ,Viewer,SALES_VIEW,Denied
user12@atko.email,U0020,2024-12-09T23:05:51Z,LOGIN,IT_Ops,HR_VIEW,Permitted
user14@atko.email,U0022,2025-01-18T23:05:51Z,WRITE,HR,FIN_VENDOR_CREATOR,Permitted
user4@atko.email,U0012,2025-07-25T23:05:51Z,READ,Auditor,GENERAL_USER,Denied
user12@atko.email,U0020,2025-06-14T23:05:51Z,LOGIN,Payment Processor,FIN_VENDOR_CREATOR,Denied
user40@atko.email,U0048,2025-06-07T23:05:51Z,LOGIN,Employee,FINANCE_EDIT,Permitted
user5@atko.email,U0013,2025-07-20T23:05:51Z,READ,HR,FIN_PROCESS_APPR,Permitted
user3@atko.email,U0011,2025-11-18T23:05:51Z,CHECK_PERMS,HR,AUDIT_READ,Denied
user18@atko.email,U0026,2025-03-11T23:05:51Z,APPROVE,Sales,GENERAL_USER,Denied
user39@atko.email,U0047,2025-08-17T23:05:51Z,UPDATE,Sales,FIN_VENDOR_CREATOR,Denied
user42@atko.email,U0050,2025-07-17T23:05:51Z,WRITE,Viewer,GENERAL_USER,Denied
user32@atko.email,USER_A,2025-03-24T23:05:51Z,UPDATE,Viewer,IT_MAINTAIN,Denied
user46@atko.email,U0054,2025-04-20T23:05:51Z,APPROVE,Security,GENERAL_USER,Denied
max@atko.email,U0007,2025-08-04T23:05:51Z,LOGIN,Finance,SALES_VIEW,Permitted
user16@atko.email,U0024,2025-04-19T23:05:51Z,DELETE,Payment Processor,FIN_VENDOR_CREATOR,Denied
user44@atko.email,U0052,2025-02-26T23:05:51Z,LOGOUT,IT_Ops,AUDIT_READ,Denied
user35@atko.email,U0043,06/21/2025,CREATE NEW VENDOR,Security,HR_VIEW,Permitted
ivan@atko.email,U0006,03/01/2025,UPDATE,Sales,IT_MAINTAIN,Denied
john.doe@atko.email,U0002,2025-01-14T23:05:51Z,LOGOUT,HR,FIN_VENDOR_CREATOR,Permitted
user10@atko.email,U0018,2024-12-18T23:05:51Z,LOGIN,Security,SALES_VIEW,Denied
user21@atko.email,U0029,02/04/2025,APPROVE,Security,READ_ONLY,Denied
user42@atko.email,U0050,2025-08-05T23:05:51Z,LOGOUT,Payment Processor,AUDIT_READ,Permitted
user19@atko.email,U0027,2025-01-30T23:05:51Z,EXECUTE,Security,READ_ONLY,Permitted
samantha.driver@atko.email,U0004,2025-03-22T23:05:51Z,CREATE NEW VENDOR,Sales,SECURITY_EXECUTE,Permitted
user34@atko.email,USER_A,2025-09-07T23:05:51Z,EXECUTE,HR,FIN_VENDOR_CREATOR,Denied
ivan@atko.email,U0006,2025-04-01T23:05:51Z,CHECK_PERMS,HR,SYSTEM_ADMIN_ALL,Permitted
user0@atko.email,U0008,2025-10-24T23:05:51Z,LOGOUT,Admin,SYSTEM_ADMIN_ALL,Permitted
user20@atko.email,U0028,2025-06-20T23:05:51Z,DELETE,Payment Processor,AUDIT_READ,Permitted
user25@atko.email,U0033,2025-01-13T23:05:51Z,LOGIN,Employee,SECURITY_EXECUTE,Denied
user33@atko.email,U0041,2024-12-31T23:05:51Z,UPDATE,Security,SYSTEM_ADMIN_ALL,Denied
user35@atko.email,U0043,2025-03-21T23:05:51Z,UPDATE,Finance,HR_VIEW,Denied
user46@atko.email,U0054,2025-06-15T23:05:51Z,UPDATE,Sales,SECURITY_EXECUTE,Permitted
user11@atko.email,U0019,2025-08-26T23:05:51Z,WRITE,Auditor,READ_ONLY,Permitted
user2@atko.email,U0010,2025-01-03T23:05:51Z,READ,IT_Ops,READ_ONLY,Denied
user28@atko.email,U0036,2025-11-11T23:05:51Z,DELETE,Payment Processor,READ_ONLY,Permitted
user29@atko.email,U0037,2025-01-18T23:05:51Z,WRITE,Sales,FIN_VENDOR_CREATOR,Denied
user36@atko.email,U0044,2025-06-30T23:05:51Z,READ,Sales,IT_MAINTAIN,Permitted
user8@atko.email,U0016,05/19/2025,LOGOUT,Auditor,GENERAL_USER,Permitted
user38@atko.email,U0046,2025-12-05T23:05:51Z,APPROVE,HR,GENERAL_USER,Permitted
user23@atko.email,U0031,2025-09-09T23:05:51Z,DELETE,HR,SALES_VIEW,Denied
user42@atko.email,U0050,2025-10-28T23:05:51Z,CREATE NEW VENDOR,Finance,HR_VIEW,Denied
samantha.driver@atko.email,U0004,03/31/2025,CHECK_PERMS,HR,AUDIT_READ,Permitted
user47@atko.email,U0055,2024-12-28T23:05:51Z,EXECUTE,Admin,FIN_VENDOR_CREATOR,Denied
user32@atko.email,U0040,2025-11-22T23:05:51Z,READ,IT_Ops,SALES_VIEW,Permitted
user47@atko.email,U0055,2025-05-11T23:05:51Z,EXECUTE,Finance,AUDIT_READ,Permitted
user48@atko.email,U0056,2025-03-03T23:05:51Z,DELETE,HR,IT_MAINTAIN,Denied
user35@atko.email,U0043,02/22/2025,READ,IT_Ops,SECURITY_EXECUTE,Permitted
user38@atko.email,U0046,2025-04-14T23:05:51Z,WRITE,HR,FINANCE_EDIT,Denied
user31@atko.email,U0039,2025-10-21T23:05:51Z,CREATE NEW VENDOR,HR,SALES_VIEW,Denied
user41@atko.email,U0049,2025-11-27T23:05:51Z,LOGIN,Viewer,SECURITY_EXECUTE,Denied
user38@atko.email,U0046,2025-07-02T23:05:51Z,LOGIN,Viewer,HR_VIEW,Permitted
user35@atko.email,U0043,2025-01-12T23:05:51Z,LOGIN,Auditor,GENERAL_USER,Denied
ashwin.ramnarayanan@okta.com,U0001,2024-12-11T23:05:51Z,UPDATE,Employee,HR_VIEW,Permitted
user38@atko.email,U0046,2025-01-13T23:05:51Z,CREATE NEW VENDOR,IT_Ops,SALES_VIEW,Permitted
user11@atko.email,U0019,2025-02-25T23:05:51Z,APPROVE,HR,GENERAL_USER,Permitted
user16@atko.email,U0024,2024-12-11T23:05:51Z,DELETE,HR,SECURITY_EXECUTE,Permitted
user21@atko.email,U0029,2025-09-23T23:05:51Z,CREATE NEW VENDOR,Admin,READ_ONLY,Permitted
user7@atko.email,U0015,2025-06-30T23:05:51Z,EXECUTE,Viewer,HR_VIEW,Denied
user9@atko.email,U0017,10/04/2025,CHECK_PERMS,Employee,SYSTEM_ADMIN_ALL,Denied
ivan@atko.email,U0006,2025-02-09T23:05:51Z,EXECUTE,Viewer,FINANCE_EDIT,Denied
user21@atko.email,U0029,2025-06-02T23:05:51Z,UPDATE,Security,FIN_VENDOR_CREATOR,Denied
user35@atko.email,U0043,2025-11-30T23:05:51Z,CREATE NEW VENDOR,IT_Ops,HR_VIEW,Permitted
user19@atko.email,U0027,2025-06-29T23:05:51Z,CREATE NEW VENDOR,Finance,FINANCE_EDIT,Denied
user31@atko.email,U0039,2024-12-08T23:05:51Z,WRITE,Employee,FIN_VENDOR_CREATOR,Permitted
user9@atko.email,U0017,2025-03-07T23:05:51Z,APPROVE,IT_Ops,SALES_VIEW,Denied
john.doe@atko.email,U0002,2025-06-15T23:05:51Z,EXECUTE,Auditor,AUDIT_READ,Denied
user18@atko.email,U0026,2025-03-17T23:05:51Z,UPDATE,Security,READ_ONLY,Permitted
user36@atko.email,U0044,07/10/2025,CHECK_PERMS,Security,FIN_PROCESS_APPR,Denied
user39@atko.email,U0047,2025-06-29T23:05:51Z,CHECK_PERMS,Auditor,GENERAL_USER,Permitted
user21@atko.email,U0029,2025-04-09T23:05:51Z,CHECK_PERMS,HR,READ_ONLY,Denied
user18@atko.email,U0026,2025-09-04T23:05:51Z,WRITE,Payment Processor,FIN_VENDOR_CREATOR,Permitted
user14@atko.email,U0022,07/15/2025,EXECUTE,Employee,HR_VIEW,Denied
ashwin.ramnarayanan@okta.com,U0001,2025-09-18T23:05:51Z,DELETE,Auditor,HR_VIEW,Permitted
user45@atko.email,U0053,2025-06-30T23:05:51Z,LOGIN,Finance,SECURITY_EXECUTE,Permitted
user43@atko.email,U0051,2025-05-05T23:05:51Z,READ,Finance,AUDIT_READ,Denied
user25@atko.email,U0033,2025-08-07T23:05:51Z,EXECUTE,HR,IT_MAINTAIN,Permitted
user38@atko.email,U0046,2025-04-28T23:05:51Z,READ,Admin,FIN_VENDOR_CREATOR,Permitted
user46@atko.email,U0054,10/14/2025,DELETE,Security,HR_VIEW,Denied
ivan@atko.email,U0006,2025-03-31T23:05:51Z,DELETE,Viewer,FINANCE_EDIT,Denied
user31@atko.email,U0039,2025-09-26T23:05:51Z,EXECUTE,Payment Processor,READ_ONLY,Denied
user26@atko.email,U0034,2025-12-07T23:05:51Z,WRITE,Sales,SECURITY_EXECUTE,Denied
user33@atko.email,U0041,2025-03-31T23:05:51Z,CHECK_PERMS,Finance,READ_ONLY,Permitted
user41@atko.email,U0049,05/07/2025,CHECK_PERMS,Sales,FIN_PROCESS_APPR,Denied
user41@atko.email,U0049,2025-08-20T23:05:51Z,APPROVE,HR,HR_VIEW,Denied
samantha.driver@atko.email,U0004,2025-10-29T23:05:51Z,READ,Security,HR_VIEW,Denied
user21@atko.email,U0029,2025-10-25T23:05:51Z,LOGOUT,HR,READ_ONLY,Denied
user39@atko.email,U0047,2025-12-07T23:05:51Z,CHECK_PERMS,Auditor,AUDIT_READ,Denied
ashwin.ramnarayanan@okta.com,U0001,2025-06-06T23:05:51Z,WRITE,Sales,AUDIT_READ,Permitted
user11@atko.email,U0019,2025-01-11T23:05:51Z,DELETE,Viewer,GENERAL_USER,Success
